URL,Memo Name
https://efis.fma.csc.gov.on.ca/faab//Memos/B2021/B21_EN.pdf,Enhanced Student Access to Free Menstrual Products in Ontario Schools
https://efis.fma.csc.gov.on.ca/faab//Memos/B2021/B21_Attach1_EN.pdf,"Appendix A: 2021-22 Product allocations to School boards, Authorities and Consortium"
https://efis.fma.csc.gov.on.ca/faab//Memos/B2021/B20_EN.pdf,District School Board Preliminary Enrolment for 2021-22 and Enrolment Projections for 2022-23
https://efis.fma.csc.gov.on.ca/faab//Memos/B2021/B19_EN.pdf,Amendments to Restricted Purpose Revenues Regulation and the new Fees for Central Bargaining Regulation
https://efis.fma.csc.gov.on.ca/faab//Memos/B2021/B18_EN.pdf,COVID-19 Resilience Infrastructure Stream: Education Related (CVRIS-EDU) Projects - Updates and Next Steps
https://efis.fma.csc.gov.on.ca/faab//Memos/B2021/B17_EN.pdf,2021-22 Grants for Student Needs (GSN) and Related Regulations
https://efis.fma.csc.gov.on.ca/faab//Memos/B2021/B16_EN.pdf,Standardized Ventilation Measures Report
https://efis.fma.csc.gov.on.ca/faab//Memos/B2021/B15_EN.pdf,Update on the Student Transportation Review
https://efis.fma.csc.gov.on.ca/faab//Memos/B2021/B14_EN.pdf,School Ventilation
https://efis.fma.csc.gov.on.ca/faab//Memos/B2021/B13_EN.pdf,School Bus Driver Retention Pilot Program (DRP) in the 2021-22 School Year
https://efis.fma.csc.gov.on.ca/faab//Memos/B2021/B12_EN.pdf,COVID-19 Resilience Infrastructure Stream: Education Related (CVRIS-EDU) Projects - Approvals
https://efis.fma.csc.gov.on.ca/faab//Memos/B2021/B11_EN.pdf,Learning Recovery and Renewal
https://efis.fma.csc.gov.on.ca/faab//Memos/B2021/B10_EN.pdf,2021-22 Priorities and Partnerships Funding (PPF)
https://efis.fma.csc.gov.on.ca/faab//Memos/B2021/B10_attach1_EN.pdf,Appendix A - 2021-22 Priorities and Partnerships Funding Allocations
https://efis.fma.csc.gov.on.ca/faab//Memos/B2021/B09_EN.pdf,Capital Funding for the 2021-22 School Year
https://efis.fma.csc.gov.on.ca/faab//Memos/B2021/B08_EN.pdf,2021-22 Grants for Student Needs Funding
https://efis.fma.csc.gov.on.ca/faab//Memos/B2021/B07_EN.pdf,Planning for the 2021-22 School Year
https://efis.fma.csc.gov.on.ca/faab//Memos/B2021/B06_EN.pdf,Next Steps for Climate Action Incentive Fund (CAIF) Projects
https://efis.fma.csc.gov.on.ca/faab//Memos/B2021/B05_EN.pdf,Launch of 2021-22 Capital Priorities Program including Child Care Capital Funding
https://efis.fma.csc.gov.on.ca/faab//Memos/B2021/B04_EN.pdf,2021-22 School Year
https://efis.fma.csc.gov.on.ca/faab//Memos/B2021/B03_EN.pdf,"Amendments to the Grants for Student Needs (GSN) Regulations for 2020-21, 2019-20 and 2018-19"
https://efis.fma.csc.gov.on.ca/faab//Memos/B2021/B02_EN.pdf,"2021 Proportions of Enrolment for purposes of the Education Act, subsections 238(2) and 257.8(3)"
https://efis.fma.csc.gov.on.ca/faab//Memos/B2021/B01_EN.pdf,Federal Safe Return to Class Fund and Expanded Targeted Testing in Schools
https://efis.fma.csc.gov.on.ca/faab//Memos/B2021/B01_attach1_EN.pdf,"Appendix A: Additional Funding for Ventilation, Health and Safety and Student Transportation"
https://efis.fma.csc.gov.on.ca/faab//Memos/B2021/B01_attach2_EN.pdf,Appendix B: Additional Funding for Technological Devices
https://efis.fma.csc.gov.on.ca/faab//Memos/SB2021/SB27_EN.pdf,2020-21 Financial Statements Forms for School Authorities (Isolate Boards)
https://efis.fma.csc.gov.on.ca/faab//Memos/SB2021/SB26_EN.pdf,Update on Student Transportation Routing Simulation
https://efis.fma.csc.gov.on.ca/faab//Memos/SB2021/SB26_Attach1_EN.pdf,Student Transportation Reference Standard Guidelines
https://efis.fma.csc.gov.on.ca/faab//Memos/SB2021/SB25_EN.pdf,2020-21 Financial Statements Forms for Section 68 School Authorities
https://efis.fma.csc.gov.on.ca/faab//Memos/SB2021/SB24_EN.pdf,2021-22 Revised Estimates (District School Boards)
https://efis.fma.csc.gov.on.ca/faab//Memos/SB2021/SB23_EN.pdf,School Level Data Verification for 2021-22 Financial Statements and 2022-23 Estimates/Revised Estimates and Updates on SFIS Business Rules and Procedures
https://efis.fma.csc.gov.on.ca/faab//Memos/SB2021/SB22_EN.pdf,Construction Action Plan - COVID-19 Related Incremental Direct Costs for School Board Capital Projects Survey and Principals for Pandemic Related Provision Language
https://efis.fma.csc.gov.on.ca/faab//Memos/SB2021/SB21_EN.pdf,Elementary Class Size Reporting for 2021-22
https://efis.fma.csc.gov.on.ca/faab//Memos/SB2021/SB20_EN.pdf,Updates to: Reciprocal Education Approach (REA) Instructions for First Nations and School Boards and Supporting Documents
https://efis.fma.csc.gov.on.ca/faab//Memos/SB2021/SB20_Attach1_EN.pdf,The Reciprocal Education Approach (REA) Instructions for First Nations and School Boards 2021-2022
https://efis.fma.csc.gov.on.ca/faab//Memos/SB2021/SB19_EN.pdf,2020-21 Financial Statements (District School Boards)
https://efis.fma.csc.gov.on.ca/faab//Memos/SB2021/SB18_EN.pdf,School Board Financial Reporting of Provincially Procured Personal Protective Equipment and Critical Supplies and Equipment
https://efis.fma.csc.gov.on.ca/faab//Memos/SB2021/SB17_EN.pdf,2021-22 Enrolment Register Instructions
https://efis.fma.csc.gov.on.ca/faab//Memos/SB2021/SB16_EN.pdf,2021-22 Estimates Forms for School Authorities (Isolate Boards)
https://efis.fma.csc.gov.on.ca/faab//Memos/SB2021/SB15_EN.pdf,Next Steps to Support Supply Chain Centralization and Data Request
https://efis.fma.csc.gov.on.ca/faab//Memos/SB2021/SB14_EN.pdf,2021-22 Excellence in Education Administration Fund
https://efis.fma.csc.gov.on.ca/faab//Memos/SB2021/SB14_Attach1_EN.pdf,Appendix A - EEAF Program Guideline
https://efis.fma.csc.gov.on.ca/faab//Memos/SB2021/SB13_EN.pdf,Update on 2020-21 Student Transportation Grant In-Year Adjustments
https://efis.fma.csc.gov.on.ca/faab//Memos/SB2021/SB12_EN.pdf,Additional Information on 2021-22 Stabilization and Supplemental COVID-19 Support Funding as well as the Use of School Board Reserves
https://efis.fma.csc.gov.on.ca/faab//Memos/SB2021/SB11_EN.pdf,Asset Retirement Obligations Standard Implementation and Building Assets - School Facilities Inventory System Information Verification
https://efis.fma.csc.gov.on.ca/faab//Memos/SB2021/SB10_EN.pdf,2021-22 Applications for Approval of ECPP Education Programs for Children and Youth in Government Approved Education and Community Partnership Program (ECPP Allocation)
https://efis.fma.csc.gov.on.ca/faab//Memos/SB2021/SB09_EN.pdf,2021-22 Estimates Forms for Section 68 School Authorities
https://efis.fma.csc.gov.on.ca/faab//Memos/SB2021/SB08_EN.pdf,2021-22 Estimates (District School Boards)
https://efis.fma.csc.gov.on.ca/faab//Memos/SB2021/SB07_EN.pdf,"Student Transportation - Grants for Student Needs, 2021-22"
https://efis.fma.csc.gov.on.ca/faab//Memos/SB2021/SB06_EN.pdf,Special Education Grant and Mental Health Funding Changes for 2021-22
https://efis.fma.csc.gov.on.ca/faab//Memos/SB2021/SB05_EN.pdf,"March 31, 2021 Financial Reporting Requirements"
https://efis.fma.csc.gov.on.ca/faab//Memos/SB2021/SB04_EN.pdf,Federal Safe Return to Class Fund: 2020-21 Spring and Summer Learning Opportunities for School Boards
https://efis.fma.csc.gov.on.ca/faab//Memos/SB2021/SB03_EN.pdf,ON Builds Signage for Capital Projects - Clarification of Timelines for Placement of Signage
https://efis.fma.csc.gov.on.ca/faab//Memos/SB2021/SB03_Attach1_EN.pdf,Appendix A - Approved Capital Priorities Projects Requiring Signs
https://efis.fma.csc.gov.on.ca/faab//Memos/SB2021/SB03_Attach2_EN.pdf,Appendix B - Ontario Builds EDU - Questions and Answers
https://efis.fma.csc.gov.on.ca/faab//Memos/SB2021/SB02_EN.pdf,2020-21 Student Transportation Grant In-Year Adjustments
https://efis.fma.csc.gov.on.ca/faab//Memos/SB2021/SB01_EN.pdf,Second Phase of the Safe Return to Class Fund - Collaborative Procurement Information Request
https://efis.fma.csc.gov.on.ca/faab//Memos/B2020/B26_EN.pdf,Intake Request for Funding through the Federal Climate Action Incentive Fund (CAIF)
https://efis.fma.csc.gov.on.ca/faab//Memos/B2020/B25_EN.pdf,Request for Early Years Capital Program (EYCP) Funding
https://efis.fma.csc.gov.on.ca/faab//Memos/B2020/B24_EN.pdf,Amendments to 2020-21 Grants for Student Needs (GSN) Regulations and to Previous Year's GSN Regulations
https://efis.fma.csc.gov.on.ca/faab//Memos/B2020/B23_EN.pdf,COVID-19 Funding: Additional High Priority Areas and Funding for the Education and Community Partnership Program
https://efis.fma.csc.gov.on.ca/faab//Memos/B2020/B23_attach1_EN.pdf,Appendix A: COVID-19 Funding: Additional High Priority Areas
https://efis.fma.csc.gov.on.ca/faab//Memos/B2020/B23_attach2_EN.pdf,Appendix B: COVID-19 Funding: Education and Community Partnership Program (ECPP) Technology Funding Allocation
https://efis.fma.csc.gov.on.ca/faab//Memos/B2020/B22_EN.pdf,2020-21 Grants for Student Needs Funding Stabilization
https://efis.fma.csc.gov.on.ca/faab//Memos/B2020/B21_EN_1.pdf,Temporary Amendment to the Ontario Teachers� Pension Plan (OTPP) 50-day re-employment rule
https://efis.fma.csc.gov.on.ca/faab//Memos/B2020/B20_EN.pdf,COVID-19 Resilience Infrastructure Stream: Education Related (CVRIS-EDU) Projects
https://efis.fma.csc.gov.on.ca/faab//Memos/B2020/B19_EN.pdf,Student Transportation Funding for Enhanced Health and Safety Measures
https://efis.fma.csc.gov.on.ca/faab//Memos/B2020/B18_EN.pdf,Amendments to Restricted Purpose Revenues Regulation and the new Fees for Central Bargaining for the 2020-2021 School Board Fiscal Year Regulation
https://efis.fma.csc.gov.on.ca/faab//Memos/B2020/B17_EN.pdf,COVID-19 Funding: High Priority Areas
https://efis.fma.csc.gov.on.ca/faab//Memos/B2020/B17_attach1_EN.pdf,Appendix A: COVID-19 Funding: High Priority Areas
https://efis.fma.csc.gov.on.ca/faab//Memos/B2020/B16_EN.pdf,School Bus Driver Retention Pilot Program (DRP) in the 2020-21 School Year
https://efis.fma.csc.gov.on.ca/faab//Memos/B2020/B15_EN.pdf,2020-21 Grants for Student Needs (GSN) and Related Regulations
https://efis.fma.csc.gov.on.ca/faab//Memos/B2020/B14_EN.pdf,Additional Funding for School Reopening
https://efis.fma.csc.gov.on.ca/faab//Memos/B2020/B14_attach_EN.pdf,Appendix A
https://efis.fma.csc.gov.on.ca/faab//Memos/B2020/B13_EN.pdf,Student Transportation Funding Support for Enhanced Cleaning and PPE for drivers
https://efis.fma.csc.gov.on.ca/faab//Memos/B2020/B12_EN.pdf,Optimizing Air Quality in Schools
https://efis.fma.csc.gov.on.ca/faab//Memos/B2020/B_DM1_EN.pdf,Additional Guidance and Funding for School Reopening
https://efis.fma.csc.gov.on.ca/faab//Memos/B2020/B_DM1_attach1_EN.pdf,Appendix 1: Projected Accumulated Surplus Available for Use
https://efis.fma.csc.gov.on.ca/faab//Memos/B2020/B_DM1_attach2_EN.pdf,Appendix 2: Remote Learning Funding Supports and Additional Funding for Teacher Staffing
https://efis.fma.csc.gov.on.ca/faab//Memos/B2020/B11_EN.pdf,Investments to Support School Reopening in Response to the COVID-19 Outbreak
https://efis.fma.csc.gov.on.ca/faab//Memos/B2020/B11_attach1_EN.pdf,"Appendices A, B, C"
https://efis.fma.csc.gov.on.ca/faab//Memos/B2020/B10_EN.pdf,2020-21 Priorities and Partnerships Funding (PPF) and Criteria for repurposing 2019-20 PPF for COVID-19 related supports
https://efis.fma.csc.gov.on.ca/faab//Memos/B2020/B10_attach1_EN.pdf,Appendix A - 2020-21 Priorities and Partnerships Funding Allocations
https://efis.fma.csc.gov.on.ca/faab//Memos/B2020/B09_EN.pdf,Capital Funding for the 2020-21 School Year
https://efis.fma.csc.gov.on.ca/faab//Memos/B2020/B08_EN.pdf,2020-21 Grants for Student Needs Funding
https://efis.fma.csc.gov.on.ca/faab//Memos/B2020/B07_EN.pdf,Voluntary Redeployment
https://efis.fma.csc.gov.on.ca/faab//Memos/B2020/B06_EN.pdf,2019-20 Grants for Student Needs (GSN) In-year Regulation Amendments
https://efis.fma.csc.gov.on.ca/faab//Memos/B2020/B05_EN.pdf,"2020 Proportions of Enrolment for purposes of the Education Act, subsections 238(2) and 257.8(3)"
https://efis.fma.csc.gov.on.ca/faab//Memos/B2020/B04_EN_Final.pdf,Budget Planning Information for 2020-21
https://efis.fma.csc.gov.on.ca/faab//Memos/B2020/B03_EN.pdf,Data Contact Request for Supply Chain Centralization Data Collection
https://efis.fma.csc.gov.on.ca/faab//Memos/B2020/B03_attach1_EN.pdf,Supply Chain Centralization Initative
https://efis.fma.csc.gov.on.ca/faab//Memos/B2020/B02_EN.pdf,Student Transportation Review
https://efis.fma.csc.gov.on.ca/faab//Memos/B2020/B01_EN.pdf,2020-21 Education Funding Feedback
https://efis.fma.csc.gov.on.ca/faab//Memos/SB2020/SB28_EN.pdf,Ontario Builds Signage for Capital Projects
https://efis.fma.csc.gov.on.ca/faab//Memos/SB2020/SB28_attach1_EN.pdf,Appendix A: Approved Capital Priorities Projects Requiring Signs
https://efis.fma.csc.gov.on.ca/faab//Memos/SB2020/SB28_attach2_EN.pdf,"Appendix B: Communications Protocol: Public Communications, Events and Signage"
https://efis.fma.csc.gov.on.ca/faab//Memos/SB2020/SB28_attach3_EN.pdf,Appendix C: Questions and Answers
https://efis.fma.csc.gov.on.ca/faab//Memos/SB2020/SB27_EN.pdf,Sick Leave Data Analysis Project
https://efis.fma.csc.gov.on.ca/faab//Memos/SB2020/SB27_attach1_EN.pdf,Authorization Form
https://efis.fma.csc.gov.on.ca/faab//Memos/SB2020/SB26_EN.pdf,2019-20 Student Transportation Report
https://efis.fma.csc.gov.on.ca/faab//Memos/SB2020/SB25_EN.pdf,School Level Data Verification for 2020-21 Financial Statements and 2021-2022 Estimates/Revised Estimates
https://efis.fma.csc.gov.on.ca/faab//Memos/SB2020/SB24_EN.pdf,2020-21 Revised Estimates (District School Boards)
https://efis.fma.csc.gov.on.ca/faab//Memos/SB2020/SB23_EN.pdf,2019-20 Financial Statements Forms for School Authorities (Isolate Boards)
https://efis.fma.csc.gov.on.ca/faab//Memos/SB2020/SB22_EN.pdf,2019-20 Financial Statements Forms for Section 68 School Authorities
https://efis.fma.csc.gov.on.ca/faab//Memos/SB2020/SB21_EN.pdf,Elementary Class Size Reporting for 2020-21
https://efis.fma.csc.gov.on.ca/faab//Memos/SB2020/SB20_EN.pdf,Amendments to Ontario Regulation 280/19 - Calculation of Maximum In-Year Deficit
https://efis.fma.csc.gov.on.ca/faab//Memos/SB2020/SB19_EN.pdf,Major Capital Project Progress Report and Renewal Funding Project Tracker
https://efis.fma.csc.gov.on.ca/faab//Memos/SB2020/SB18_EN.pdf,District School Board Enrolment Projections for 2021-22 to 2024-25
https://efis.fma.csc.gov.on.ca/faab//Memos/SB2020/SB17_EN.pdf,Update to Standardized Rider Safety Training 2020-21
https://efis.fma.csc.gov.on.ca/faab//Memos/SB2020/SB16_EN.pdf,2019-20 Financial Statements (District School Boards)
https://efis.fma.csc.gov.on.ca/faab//Memos/SB2020/SB15_EN.pdf,2020-21 Enrolment Register Instructions
https://efis.fma.csc.gov.on.ca/faab//Memos/SB2020/SB14_EN.pdf,"Process for Distribution of Certain School Board Surpluses and Reserves Related to Health, Dental and Life Benefits' Plans"
https://efis.fma.csc.gov.on.ca/faab//Memos/SB2020/SB13_EN.pdf,"Updates to: Reciprocal Education Approach (REA) Instructions for First Nations and School Boards & Ontario Student Record (OSR) Guideline, 2000 (Revised 2020)"
https://efis.fma.csc.gov.on.ca/faab//Memos/SB2020/SB13_attach1_EN.pdf,2020-21 REA Instructions for First Nations and School Boards 2020-21
https://efis.fma.csc.gov.on.ca/faab//Memos/SB2020/SB12_EN.pdf,2020-21 Estimates Forms for School Authorities (Isolate Boards)
https://efis.fma.csc.gov.on.ca/faab//Memos/SB2020/SB11_EN.pdf,Office of the Auditor General of Ontario (OAGO) Request for Accounting Advisory Service Costs
https://efis.fma.csc.gov.on.ca/faab//Memos/SB2020/SB10_EN.pdf,2020-21 Estimates Forms for Section 68 School Authorities
https://efis.fma.csc.gov.on.ca/faab//Memos/SB2020/SB09_EN.pdf,Student Transportation - Funding Formula Review Data Collection
https://efis.fma.csc.gov.on.ca/faab//Memos/SB2020/SB08_EN.pdf,2020-21 Estimates (District School Boards)
https://efis.fma.csc.gov.on.ca/faab//Memos/SB2020/SB07_EN.pdf,"Student Transportation - Grants for Student Needs, 2020-21"
https://efis.fma.csc.gov.on.ca/faab//Memos/SB2020/SB06_EN.pdf,Special Education Grant Funding Changes for 2020-21 and DSENA Tables
https://efis.fma.csc.gov.on.ca/faab//Memos/SB2020/SB05_EN.pdf,Regulation Amendment for Deferral of Education Property Taxes for 2020
https://efis.fma.csc.gov.on.ca/faab//Memos/SB2020/SB04_EN.pdf,2020 Summer School and Summer Learning Opportunities
https://efis.fma.csc.gov.on.ca/faab//Memos/SB2020/SB03_EN.pdf,"March 31, 2020 Financial Reporting Requirements"
https://efis.fma.csc.gov.on.ca/faab//Memos/SB2020/SB02_EN.pdf,Occasional Teacher and Casual Education Worker Payments
https://efis.fma.csc.gov.on.ca/faab//Memos/SB2020/SB01_EN.pdf,Eligible Expenses Resulting from Labour Disruption
https://efis.fma.csc.gov.on.ca/faab//Memos/SB2020/SB01_Attach1_EN.pdf,Strike Savings and Eligible Expenses Resulting from Labour Disruption
https://efis.fma.csc.gov.on.ca/faab//Memos/B2019/B20_EN.pdf,Education Development Charge Policy Framework Update
https://efis.fma.csc.gov.on.ca/faab//Memos/B2019/B19_EN.pdf,2019-20 Grant for Student Needs (GSN) and Related Regulations
https://efis.fma.csc.gov.on.ca/faab//Memos/B2019/B18_EN.pdf,The Reciprocal Education Approach (REA)
https://efis.fma.csc.gov.on.ca/faab//Memos/B2019/B18_Attach1_EN.pdf,Reciprocal Education Approach: Written Notice for Eligible Students Attending a School of a School Board
https://efis.fma.csc.gov.on.ca/faab//Memos/B2019/B18_attach2_EN.pdf,Reciprocal Education Approach: Written Notice for Eligible Students Attending an Eligible First Nation School
https://efis.fma.csc.gov.on.ca/faab//Memos/B2019/B17_EN.pdf,"Announcement of launch of 2019-20 Capital Priorities Program, including Child Care Capital Funding and review of School Construction Standards"
https://efis.fma.csc.gov.on.ca/faab//Memos/B2019/B16_EN_Final.pdf,Facility Operating and Renewal Funding for the 2019-20 School Year
https://efis.fma.csc.gov.on.ca/faab//Memos/B2019/B15_EN_Final.pdf,2019-20 Priorities and Partnerships Fund
https://efis.fma.csc.gov.on.ca/faab//Memos/B2019/B14_EN.pdf,Grants for Student Needs (GSN) Funding for 2019-20
https://efis.fma.csc.gov.on.ca/faab//Memos/B2019/B13_EN.pdf,Roadmap Resource Training Material
https://efis.fma.csc.gov.on.ca/faab//Memos/B2019/B12_EN.pdf,Provincial Working Group on Health and Safety � High Temperature Guidelines
https://efis.fma.csc.gov.on.ca/faab//Memos/B2019/B12_Attach1_EN.pdf,Appendix A: High Temperature Guideline Reference Chart
https://efis.fma.csc.gov.on.ca/faab//Memos/B2019/B12_Attach2_EN.pdf,High Temperature Guideline
https://efis.fma.csc.gov.on.ca/faab//Memos/B2019/B11_EN.pdf,Interim Changes to Education Development Charges (EDC)
https://efis.fma.csc.gov.on.ca/faab//Memos/B2019/B10_EN.pdf,"2019 Proportions of Enrolment for purposes of Education Act, subsections 238(2) and 257.8(3)"
https://efis.fma.csc.gov.on.ca/faab//Memos/B2019/B10_attach1_EN.pdf,Table A: 2019 Proportions of Enrolment for Purposes of Education Act
https://efis.fma.csc.gov.on.ca/faab//Memos/B2019/B09_EN_Final.pdf,Next Phase of Consultations on Hiring Practices and Class Sizes
https://efis.fma.csc.gov.on.ca/faab//Memos/B2019/B09_attach_1Final_EN.pdf,Class Size Consultation Guide
https://efis.fma.csc.gov.on.ca/faab//Memos/B2019/B09_attach2_EN.pdf,School Board Hiring Practices Consultation Guide
https://efis.fma.csc.gov.on.ca/faab//Memos/B2019/B08_EN.pdf,New Vision for Education
https://efis.fma.csc.gov.on.ca/faab//Memos/B2019/B07_EN.pdf,Supporting Students with Autism Spectrum Disorder
https://efis.fma.csc.gov.on.ca/faab//Memos/B2019/B06_EN.pdf,Budget Planning Information for 2019 - 20
https://efis.fma.csc.gov.on.ca/faab//Memos/B2019/B04_EN.pdf,Technical Details for the Release of EPO Funding to Support Executive Compensation
https://efis.fma.csc.gov.on.ca/faab//Memos/B2019/B05_EN.pdf,Cupe Violence Prevention Training
https://efis.fma.csc.gov.on.ca/faab//Memos/B2019/B03_EN.pdf,Hiring Practices and Class Size Engagement
https://efis.fma.csc.gov.on.ca/faab//Memos/B2019/B03_attach1_EN.pdf,Ontario School Boards Hiring Practices
https://efis.fma.csc.gov.on.ca/faab//Memos/B2019/B03_attach2_EN.pdf,Class Size Engagement Guide
https://efis.fma.csc.gov.on.ca/faab//Memos/B2019/B02_EN.pdf,"2018-19 Provincial Asset Management Survey, and School Level Data Verification � 2018-19 Financial Statements and 2019-20 Estimates/Revised Estimates"
https://efis.fma.csc.gov.on.ca/faab//Memos/B2019/B01_EN.pdf,School Board Trade Agreement Report on Procurement Activity for 2017-18
https://efis.fma.csc.gov.on.ca/faab//Memos/B2019/B01_attach1_EN.pdf,Frequently Asked Questions
https://efis.fma.csc.gov.on.ca/faab//Memos/B2019/B01_attach2_EN.pdf,Ministry of Education Procurement Activity Reporting FAQ
https://efis.fma.csc.gov.on.ca/faab//Memos/B2019/B01_attach4_EN.pdf,Attestation Form
https://efis.fma.csc.gov.on.ca/faab//Memos/SB2019/SB25_EN.pdf,School Level Data Verification for 2019-20 Financial Statements and 2020-2021 Estimates/Revised Estimates
https://efis.fma.csc.gov.on.ca/faab//Memos/SB2019/SB24_EN.pdf,2018-19 Financial Statements Forms for School Authorities (Isolate Boards)
https://efis.fma.csc.gov.on.ca/faab//Memos/SB2019/SB23_EN.pdf,2018-19 Audit Committee Annual Report to the Ministry
https://efis.fma.csc.gov.on.ca/faab//Memos/SB2019/SB22_EN.pdf,2018-19 Financial Statements Forms for Section 68 School Authorities
https://efis.fma.csc.gov.on.ca/faab//Memos/SB2019/SB21_EN.pdf,Regulation Amendment to Support Persons Displaced as a Result of Hurricane Dorian who are Temporarily in Ontario
https://efis.fma.csc.gov.on.ca/faab//Memos/SB2019/SB20_EN.pdf,2019-20 Revised Estimates (District School Boards)
https://efis.fma.csc.gov.on.ca/faab//Memos/SB2019/SB19_EN.pdf,District School Board Enrolment Projections for 2020-21 to 2023-24
https://efis.fma.csc.gov.on.ca/faab//Memos/SB2019/SB18_EN.pdf,2018-19 Student Transportation Report
https://efis.fma.csc.gov.on.ca/faab//Memos/SB2019/SB17_EN.pdf,Remaining Service Life Review
https://efis.fma.csc.gov.on.ca/faab//Memos/SB2019/SB16_EN.pdf,The Reciprocal Education Approach (REA) - The REA Instructions for First Nations and School Boards
https://efis.fma.csc.gov.on.ca/faab//Memos/SB2019/SB16_Attach1_EN.pdf,Appendix A - The REA Instructions for First Nations and School Boards
https://efis.fma.csc.gov.on.ca/faab//Memos/SB2019/SB16_Attach2_EN.pdf,Appendix B.i - Memorandum on the 2019-20 REA Data Submission
https://efis.fma.csc.gov.on.ca/faab//Memos/SB2019/SB16_Attach3_EN.pdf,Appendix B.ii - Data Upload Instructions to the Secure Online Data Transfer (SODT) Portal
https://efis.fma.csc.gov.on.ca/faab//Memos/SB2019/SB16_Attach4_EN.pdf,Appendix B.iii - User Account SODT Registration Form
https://efis.fma.csc.gov.on.ca/faab//Memos/SB2019/SB15_EN.pdf,2018-19 Financial Statements (District School Boards)
https://efis.fma.csc.gov.on.ca/faab//Memos/SB2019/SB14_EN.pdf,Elementary Class Size Reporting for 2019-20
https://efis.fma.csc.gov.on.ca/faab//Memos/SB2019/SB13_EN.pdf,2019-20 Estimates Forms for School Authorities (Isolate Boards)
https://efis.fma.csc.gov.on.ca/faab//Memos/SB2019/SB12_EN_Final.pdf,2019-20 Enrolment Register Instructions
https://efis.fma.csc.gov.on.ca/faab//Memos/SB2019/SB11_EN_Final.pdf,"The Reciprocal Education Approach (REA) Parent, Guardian and Student Fact Sheet"
https://efis.fma.csc.gov.on.ca/faab//Memos/SB2019/SB11_Attach1_Final.pdf,"The REA Parent, Guardian, and Student Fact Sheet"
https://efis.fma.csc.gov.on.ca/faab//Memos/SB2019/SB10_EN.pdf,2019-20 Estimates Forms for Section 68 School Authorities
https://efis.fma.csc.gov.on.ca/faab//Memos/SB2019/SB09_EN.pdf,Sick Leave Data Analysis Project
https://efis.fma.csc.gov.on.ca/faab//Memos/SB2019/SB09_attach1_EN.pdf,Authorization Between School Board and School Boards' Co-operative Inc
https://efis.fma.csc.gov.on.ca/faab//Memos/SB2019/SB08_EN_Final.pdf,"Student Transportation - Grants for Student Needs, 2019-20"
https://efis.fma.csc.gov.on.ca/faab//Memos/SB2019/SB07_EN_Final.pdf,Special Education Grant Funding for 2019-20
https://efis.fma.csc.gov.on.ca/faab//Memos/SB2019/SB06_EN.pdf,2019-20 Estimates (District School Boards)
https://efis.fma.csc.gov.on.ca/faab//Memos/SB2019/SB05_EN.pdf,Regulatory Reporting: 5-Year Energy Conservation and Demand Management Plans; and Annual Energy Consumption and Greenhouse Gas Emissions Report
https://efis.fma.csc.gov.on.ca/faab//Memos/SB2019/SB04_EN.pdf,"Supporting Students with Autism Spectrum Disorder - Eligibility, Funding and Financial Reporting Requirements"
https://efis.fma.csc.gov.on.ca/faab//Memos/SB2019/SB02_EN_Final.pdf,Key Planning Details for Attrition Protection
https://efis.fma.csc.gov.on.ca/faab//Memos/SB2019/SB02_attch1_EN_Final.pdf,Appendix A: Key Planning Details for the 2019-20 Proposed Attrition Protection
https://efis.fma.csc.gov.on.ca/faab//Memos/SB2019/SB02_attch2_EN_Final.pdf,Appendix B: Illustrative Examples of Attrition Protection Scenerios
https://efis.fma.csc.gov.on.ca/faab//Memos/SB2019/SB02_attach3_EN_Final.pdf,Appendix C: Estimated Changes in Funding and FTE
https://efis.fma.csc.gov.on.ca/faab//Memos/SB2019/SB01_EN.pdf,Update: Special Education Funding in 2018 - 19
https://efis.fma.csc.gov.on.ca/faab//Memos/B2018/B17_EN.pdf,Updates on the Greenhouse Gas Reduction Funding (GGRF) and Renewal Reporting and Accountability Requirements
https://efis.fma.csc.gov.on.ca/faab//Memos/B2018/B16_EN.pdf,In-year amendments to education funding regulations and O. Reg. 357/06
https://efis.fma.csc.gov.on.ca/faab//Memos/B2018/B15_EN.pdf,Temporary Cap on Education Development Charge Rates
https://efis.fma.csc.gov.on.ca/faab//Memos/B2018/B14_EN.pdf,Update: Education Funding for 2018 -19
https://efis.fma.csc.gov.on.ca/faab//Memos/B2018/B13_EN.pdf,Next steps regarding the wind-down of the Greenhouse Gas Reduction Funding (GGRF) program
https://efis.fma.csc.gov.on.ca/faab//Memos/B2018/B10_attach_EN.pdf,Final Revised Pupil Accommodation Review Guideline
https://efis.fma.csc.gov.on.ca/faab//Memos/B2018/B09_EN.pdf,"2018 Proportions of Enrolment for purposes of Education Act, subsections 238(2) and 257.8(3)"
https://efis.fma.csc.gov.on.ca/faab//Memos/B2018/B09_attach_EN.pdf,Table A
https://efis.fma.csc.gov.on.ca/faab//Memos/B2018/B08_EN.pdf,Non-unionized Education Workers
https://efis.fma.csc.gov.on.ca/faab//Memos/B2018/B07_EN.pdf,218-19 School Year Education Programs - Other (EPO) Funding
https://efis.fma.csc.gov.on.ca/faab//Memos/B2018/B07_attach_EN.pdf,Appendix A - 2018-19 School Year EPO Funding Allocations
https://efis.fma.csc.gov.on.ca/faab//Memos/B2018/B06_EN.pdf,Grants for Student Needs (GSN) for 2018-19
https://efis.fma.csc.gov.on.ca/faab//Memos/B2018/B05_EN.pdf,Employment Insurance (EI) Waiting Period and Supplementary Employment Benefits
https://efis.fma.csc.gov.on.ca/faab//Memos/B2018/B03_EN.pdf,Capital Priorities - New Reporting and Accountability Requirements
https://efis.fma.csc.gov.on.ca/faab//Memos/B2018/B03_attach1_EN.pdf,Appendix A - Sample School Board Capital Attestation Form
https://efis.fma.csc.gov.on.ca/faab//Memos/B2018/B03_attach2_EN.pdf,Appendix B - List of Ministry Capital Analysts
https://efis.fma.csc.gov.on.ca/faab//Memos/B2018/B02_EN.pdf,Draft Revised Pupil Accommodation Review Guideline and Community Planning and Partnerships Guideline Updates
https://efis.fma.csc.gov.on.ca/faab//Memos/SB2018/SB22_EN.pdf,2017-18 Financial Statements Forms for School Authorities (Isolate Boards)
https://efis.fma.csc.gov.on.ca/faab//Memos/SB2018/SB21_EN.pdf,2018-19 Estimates Forms for School Authorities (Isolate Boards)
https://efis.fma.csc.gov.on.ca/faab//Memos/SB2018/SB20__EN.pdf,2017-18 Financial Statements Forms for Section 68 School Authorities
https://efis.fma.csc.gov.on.ca/faab//Memos/SB2018/SB19_EN.pdf,Cash Management Strategy - Proceeds of Disposition
https://efis.fma.csc.gov.on.ca/faab//Memos/SB2018/SB18_EN.pdf,2018-19 Revised Estimates (DSB)
https://efis.fma.csc.gov.on.ca/faab//Memos/SB2018/SB17-EN.pdf,District School Board Enrolment Projections for 2019-20 to 2022-23
https://efis.fma.csc.gov.on.ca/faab//Memos/SB2018/SB15_EN.pdf,2017-18 Student Transportation Report
https://efis.fma.csc.gov.on.ca/faab//Memos/SB2018/SB14_EN.pdf,Elementary Class size Reporting for 2018-19
https://efis.fma.csc.gov.on.ca/faab//Memos/SB2018/SB13_EN.pdf,2018-19 Funding Updates and Estimate Forms for Section 68 School Authorities
https://efis.fma.csc.gov.on.ca/faab//Memos/SB2018/SB12_EN.pdf,Implementation matters regarding non-union employees' benefits plan
https://efis.fma.csc.gov.on.ca/faab//Memos/SB2018/SB11_EN.pdf,Memo Trade agreement Obligations under CFTA and CETA
https://efis.fma.csc.gov.on.ca/faab//Memos/SB2018/SB10%20EN.pdf,Memo from J.Williams-Special Education Funding memorandum
https://efis.fma.csc.gov.on.ca/faab//Memos/SB2018/SB09_EN.pdf,"Grants for Student Needs (GSN) 2018-19, Supports and Updates"
https://efis.fma.csc.gov.on.ca/faab//Memos/SB2018/SB08%20EN.pdf,Clarification of Policies and Supporting Documentation to Confirm Pupil Residency and Eligibility Status
https://efis.fma.csc.gov.on.ca/faab//Memos/SB2018/SB07%20EN.pdf,2018-19 Enrolment Registers Instructions
https://efis.fma.csc.gov.on.ca/faab//Memos/SB2018/SB06_EN.pdf,Funding for Online Incident Reporting
https://efis.fma.csc.gov.on.ca/faab//Memos/SB2018/SB04_EN.pdf,"Student Transportation - Grants for Student Needs, 2018-19"
https://efis.fma.csc.gov.on.ca/faab//Memos/SB2018/SB03_EN.pdf,"March 31, 2018 Financial Reporting Requirements"
https://efis.fma.csc.gov.on.ca/faab//Memos/SB2018/SB02_EN.pdf,Ontario Active School Travel Project
https://efis.fma.csc.gov.on.ca/faab//Memos/SB2018/SB01_EN.pdf,Forthcoming Capital Expenditure Reporting Deadlines
https://efis.fma.csc.gov.on.ca/faab//Memos/B2017/B16_EN.pdf,School Bus Driver Retention Bonus Program
https://efis.fma.csc.gov.on.ca/faab//Memos/B2017/B15_EN.pdf,New Vision for Student Transportation - Discussion Paper Release
https://efis.fma.csc.gov.on.ca/faab//Memos/B2017/B14_EN.pdf,Executive Compensation - Next Steps for Proposed School Board Executive Compensation Programs
https://efis.fma.csc.gov.on.ca/faab//Memos/B2017/B13_EN.pdf,Executive Compensation - School Board Program Submission Update
https://efis.fma.csc.gov.on.ca/faab//Memos/B2017/B11_EN.pdf,Executive Compensation - Technical Information to Support School Board Program Implementation
https://efis.fma.csc.gov.on.ca/faab//Memos/B2017/B11_Attach_EN.pdf,Updates on the Approach to Broader Public Sector Executive Compensation
https://efis.fma.csc.gov.on.ca/faab//Memos/B2017/B11_Attach%20EN%202.pdf,Salary and Performance-Related Pay - Reporting Template
https://efis.fma.csc.gov.on.ca/faab//Memos/B2017/B09_EN.pdf,Plan to Strengthen Rural and Northern Education
https://efis.fma.csc.gov.on.ca/faab//Memos/B2017/B08_EN.pdf,Grants for Student Needs (GSN) 2017-18 - Capital Addendum
https://efis.fma.csc.gov.on.ca/faab//Memos/B2017/B07_EN.pdf,Request for Capital Priorities Project Funding Submissions
https://efis.fma.csc.gov.on.ca/faab//Memos/B2017/B06_EN.pdf,Request for Early Years Capital Program (EYCP) Funding Submissions
https://efis.fma.csc.gov.on.ca/faab//Memos/B2017/B05_EN.pdf,Broader public sector executive compensation and the provision of subsidized post-retirement benefits
https://efis.fma.csc.gov.on.ca/faab//Memos/B2017/B05_attach_EN.pdf,Letter from Minister Sandals - Broader Public Sector Executive Compensation Framework Regulation Requirements
https://efis.fma.csc.gov.on.ca/faab//Memos/B2017/B04_EN.pdf,Grants for Student Needs (GSN) for 2017 - 18
https://efis.fma.csc.gov.on.ca/faab//Memos/B2017/B03_EN.pdf,2017-18 School Year Education Programs - Other (EPO) Funding
https://efis.fma.csc.gov.on.ca/faab//Memos/B2017/B02_EN.pdf,"2017 Proportions of Enrolment for purposes of Education Act, subsections 238(2) and 257.8(3)"
https://efis.fma.csc.gov.on.ca/faab//Memos/B2017/B02_Attach_EN.pdf,Table A
https://efis.fma.csc.gov.on.ca/faab//Memos/B2017/B%2001_EN_AODA.pdf,BPS Executive Compensation Framework - approval of non-Canadian public/BPS comparators form and compliance directive posted online
https://efis.fma.csc.gov.on.ca/faab//Memos/SB2017/SB35_EN.pdf,Benefits Trusts Transition Update #2
https://efis.fma.csc.gov.on.ca/faab//Memos/SB2017/SB35_attach_EN.pdf,Letter Template
https://efis.fma.csc.gov.on.ca/faab//Memos/SB2017/SB33_EN.pdf,2016-17 Financial Statements Forms for School Authorities (Isolate Boards)
https://efis.fma.csc.gov.on.ca/faab//Memos/SB2017/SB31_EN.pdf,Centralized Framework Pilot for Active School Travel
https://efis.fma.csc.gov.on.ca/faab//Memos/SB2017/SB30_EN.pdf,2016-17 Financial Statements for Section 68 School Authorities and instructions on payment to Trustee Association for 2017-18
https://efis.fma.csc.gov.on.ca/faab//Memos/SB2017/SB29_EN.pdf,"Renewal & Community Hubs Reporting, 2016-17 Financial Statements"
https://efis.fma.csc.gov.on.ca/faab//Memos/SB2017/SB28%20EN.pdf,District School Board Enrolment Projections for 2018-19 to 2021-22
https://efis.fma.csc.gov.on.ca/faab//Memos/SB2017/SB27_EN.pdf,Benefit Trust Transition Update
https://efis.fma.csc.gov.on.ca/faab//Memos/SB2017/SB26_EN.pdf,2016-17 Audit Committee Annual Report to the Ministry
https://efis.fma.csc.gov.on.ca/faab//Memos/SB2017/SB25_EN.pdf,2016-17 Financial Statements (DSB)
https://efis.fma.csc.gov.on.ca/faab//Memos/SB2017/SB24_EN.pdf,Elementary Class Size Reporting Requirements and Compliance for 2017-18
https://efis.fma.csc.gov.on.ca/faab//Memos/SB2017/SB23_EN.pdf,Update on Ministry Support for Audit Committees and Internal Audit
https://efis.fma.csc.gov.on.ca/faab//Memos/SB2017/SB22_EN.pdf,2017-18 Estimates Forms for School Authorities (Isolate Boards)
https://efis.fma.csc.gov.on.ca/faab//Memos/SB2017/SB22_attach1_EN.pdf,Memos/SB2017/SB22_attach1_EN.pdf
https://efis.fma.csc.gov.on.ca/faab//Memos/SB2017/SB21_EN.pdf,School Bus Rider Safety Videos
https://efis.fma.csc.gov.on.ca/faab//Memos/SB2017/SB20_EN.pdf,First-Time Rider School Bus Safety Videos
https://efis.fma.csc.gov.on.ca/faab//Memos/SB2017/SB19_EN.pdf,2016-17 Student Transportation Survey
https://efis.fma.csc.gov.on.ca/faab//Memos/SB2017/SB18_EN.pdf,Enrolment Reporting Initiative Implementation Extension
https://efis.fma.csc.gov.on.ca/faab//Memos/SB2017/SB16_EN.pdf,2017-18 Estimates Forms for Section 68 School Authorities
https://efis.fma.csc.gov.on.ca/faab//Memos/SB2017/SB16_attach2_EN.pdf,GUIDE TO COMPLETING THE 2017-18 ESTIMATES FORMS
https://efis.fma.csc.gov.on.ca/faab//Memos/SB2017/SB15_EN.pdf,Release of Expanded Drinking Water Data on Open Data Catalogue
https://efis.fma.csc.gov.on.ca/faab//Memos/SB2017/SB14_EN.pdf,Funding in 2017-18 to Support the Implementation of 2017-2019 Labour Agreements
https://efis.fma.csc.gov.on.ca/faab//Memos/SB2017/SB13/SB-13%20Attachment%20EN.pdf,Trade News - Procurement Chapter
https://efis.fma.csc.gov.on.ca/faab//Memos/SB2017/SB13/SB-13%20Attachment%202%20EN.pdf,Trade News - Procurement Chapter (FAQ)
https://efis.fma.csc.gov.on.ca/faab//Memos/SB2017/SB12_EN.pdf,School Bus Rider Safety Training and Resources
https://efis.fma.csc.gov.on.ca/faab//Memos/SB2017/SB10_EN.pdf,"Student Transportation - Grants for Student Needs, 2017-18"
https://efis.fma.csc.gov.on.ca/faab//Memos/SB2017/SB09_EN.pdf,2017-18 Estimates
https://efis.fma.csc.gov.on.ca/faab//Memos/SB2017/SB08_EN.pdf,Renewal & Greenhouse Gas Reduction Funding for the 2017-18 School Year
https://efis.fma.csc.gov.on.ca/faab//Memos/SB2017/SB07_EN.pdf,Reporting Capital Expenditures for the 2017 March Report
https://efis.fma.csc.gov.on.ca/faab//Memos/SB2017/SB06_EN.pdf,"March 31, 2017 Financial Reporting Requirements"
https://efis.fma.csc.gov.on.ca/faab//Memos/SB2016/SB39_EN.pdf,Employee Life and Health Trusts � Implementation Engagement and Supports
https://efis.fma.csc.gov.on.ca/faab//Memos/SB2017/SB04_EN.pdf,Regulatory Amendments to Ontario Regulation 243/07 under the Safe Drinking Water Act
https://efis.fma.csc.gov.on.ca/faab//Memos/SB2017/SB03_EN.pdf,2) Community Hubs - Minor Retrofits and Accessibility
https://efis.fma.csc.gov.on.ca/faab//Memos/SB2017/SB01_EN.pdf,School Level Data Verification - 2016-17 Financial Statements and 2017-18 Estimates/Revised Estimates
https://efis.fma.csc.gov.on.ca/faab//Memos/B2016/B19_EN_AODA.pdf,Request for School Consolidation Capital Funding Submissions
https://efis.fma.csc.gov.on.ca/faab//Memos/B2016/B18_EN.pdf,Community Hubs Capital Funding: Minor Retrofits and Accessibility
https://efis.fma.csc.gov.on.ca/faab//Memos/B2016/B17_EN_AODA.pdf,Joint-Use Schools Seed Funding Program
https://efis.fma.csc.gov.on.ca/faab//Memos/B2016/B16_EN_AODA.pdf,GSN Update in Support of Transition to Employee Life and Health Trusts (ELHT)
https://efis.fma.csc.gov.on.ca/faab//Memos/B2016/B15_EN_AODA.pdf,School Facility Condition Assessment Data: 2011-15 Assessment Cycle
https://efis.fma.csc.gov.on.ca/faab//Memos/B2016/B15_ATTACH_EN_AODA.pdf,Technical Paper � School Facility Condition Assessment Data
https://efis.fma.csc.gov.on.ca/faab//Memos/B2016/B14_EN_AODA.pdf,"In-Year Amendments to the 2011-12, 2012-13, 2013-14, 2014-15, 2015-16 and 2016-17 Grants for Student Needs Funding Regulations"
https://efis.fma.csc.gov.on.ca/faab//Memos/B2016/B13_EN_AODA.pdf,New Renewal Funding to Keep Schools in a State of Good Repair
https://efis.fma.csc.gov.on.ca/faab//Memos/B2016/B12_EN.pdf,1. Grants for Student Needs Funding Regulations for2016�17 2. Fees For Central Bargaining for the 2016-2017 SchoolBoard Fiscal Year Regulation
https://efis.fma.csc.gov.on.ca/faab//Memos/B2016/B11_EN.pdf,Request for Capital Project Funding Submissions
https://efis.fma.csc.gov.on.ca/faab//Memos/B2016/B11_EN_attach.pdf,Appendix G: Joint Submission - Capital Funding for Child Care and Child and Family Support Programs (template)
https://efis.fma.csc.gov.on.ca/faab//Memos/B2016/B10_EN.pdf,Increasing Consistency Amongst Regional Internal Audit Teams
https://efis.fma.csc.gov.on.ca/faab//Memos/B2016/B9_EN.pdf,Ministry of Education Initiatives to Support Community Hubs in Schools
https://efis.fma.csc.gov.on.ca/faab//Memos/B2016/B8_EN.pdf,"2016 Proportions of Enrolment for purposes of Education Act, subsections 238(2) and 257.8(3)"
https://efis.fma.csc.gov.on.ca/faab//Memos/B2016/B8_EN_attach.pdf,Table A
https://efis.fma.csc.gov.on.ca/faab//Memos/B2016/B7_EN.pdf,2016-17 School Year Education Programs - Other (EPO) Funding
https://efis.fma.csc.gov.on.ca/faab//Memos/B2016/B6_EN.pdf,Grants for Student Needs changes for 2015�16 and 2016�17
https://efis.fma.csc.gov.on.ca/faab//Memos/B2016/B5_EN.pdf,"In-year amendments to education funding regulations for 2010-11, 2011-12, 2012-13, 2013-14, 2014-15 and 2015-16 school years"
https://efis.fma.csc.gov.on.ca/faab//Memos/B2016/B4_EN_REV.pdf,Capital Planning Capacity Program 2015-16 and 2016-17
https://efis.fma.csc.gov.on.ca/faab//Memos/B2016/B3_EN.pdf,Compensation Framework for non-unionized school board staff that are not at the executive level
https://efis.fma.csc.gov.on.ca/faab//Memos/B2016/B2_EN.pdf,Syrian Newcomer Settlement in Ontario � Financial Reporting Requirements for Funding Purposes
https://efis.fma.csc.gov.on.ca/faab//Memos/B2016/B1_EN.pdf,Guide to Pupil Accommodation Reviews
https://efis.fma.csc.gov.on.ca/faab//Memos/B2016/B1_EN_attach.pdf,Guide to Pupil Accommodation Reviews
https://efis.fma.csc.gov.on.ca/faab//Memos/SB2016/SB38_EN.pdf,Leading Practice Repository Pilot
https://efis.fma.csc.gov.on.ca/faab//Memos/SB2016/SB37_EN.pdf,2015-16 Financial Statements Forms for School Authorities (Isolate Boards)
https://efis.fma.csc.gov.on.ca/faab//Memos/SB2016/SB37_Attach_1.pdf,Guide to Completing the Financial Statements Forms
https://efis.fma.csc.gov.on.ca/faab//Memos/SB2016/SB36_EN.pdf,2015-16 Financial Statements Forms for Section 68 School Authorities
https://efis.fma.csc.gov.on.ca/faab//Memos/SB2016/SB35_EN.pdf,2016-17 Revised Estimates (District School Boards)
https://efis.fma.csc.gov.on.ca/faab//Memos/SB2016/SB34_EN.pdf,Data Extract Tool for EFIS Data
https://efis.fma.csc.gov.on.ca/faab//Memos/SB2016/SB33_EN_AODA.pdf,OASBO Best Practice Guide & Toolkit - Facilitation Skills to Encourage Community Involvement
https://efis.fma.csc.gov.on.ca/faab//Memos/SB2016/SB33_EN_AODA_Attach.pdf,�Best Practice Guide & Toolkit � Facilitation Skills to Encourage Community Involvement�
https://efis.fma.csc.gov.on.ca/faab//Memos/SB2016/SB32_EN_AODA.pdf,Release of the Updated Capital Analysis and Planning Template and Information on the March 2017 Long- Term Financing of Ministry-Supported Not Permanently Financed Capital Debt
https://efis.fma.csc.gov.on.ca/faab//Memos/SB2016/SB31_EN_AODA.pdf,Update on Regional Internal Audit Consistency Measures
https://efis.fma.csc.gov.on.ca/faab//Memos/SB2016/SB30_EN_AODA.pdf,Update on Transition to Employee Life and Health Trusts (ELHT) - Waves 2 and 3
https://efis.fma.csc.gov.on.ca/faab//Memos/SB2016/SB29_EN_AODA.pdf,Process Improvements to Surplus Property Circulation for School Boards
https://efis.fma.csc.gov.on.ca/faab//Memos/SB2016/SB29_Attach_EN.pdf,Property Circulation Address Look-up Function for GIS: User Guide for Broader Public Sector Users
https://efis.fma.csc.gov.on.ca/faab//Memos/SB2016/SB27_EN_AODA.pdf,2015-16 Financial Statements (DSB)
https://efis.fma.csc.gov.on.ca/faab//Memos/SB2016/SB26_EN_AODA.pdf,Proposed amendments that affect schools and child care centres (O. Reg. 243 Safe Drinking Water Act)
https://efis.fma.csc.gov.on.ca/faab//Memos/SB2016/SB25_EN_AODA.pdf,2016-17 Estimates Forms for School Authorities (Isolate Boards)
https://efis.fma.csc.gov.on.ca/faab//Memos/SB2016/SB25_EN_Attach2.pdf,Guide to Completing the Estimates Forms
https://efis.fma.csc.gov.on.ca/faab//Memos/SB2016/SB23_EN_AODA.pdf,2016-17 Enrolment Registers and Instructions
https://efis.fma.csc.gov.on.ca/faab//Memos/SB2016/SB22_EN.AODA.pdf,Student Transportation Phase One Opportunities for Contract and Procurement Standardization
https://efis.fma.csc.gov.on.ca/faab//Memos/SB2016/SB21_EN.AODA.pdf,2015-16 Student Transportation Survey
https://efis.fma.csc.gov.on.ca/faab//Memos/SB2016/SB20_EN.AODA.pdf,Active Transportation Feasibility Study
https://efis.fma.csc.gov.on.ca/faab//Memos/SB2016/SB19_EN_AODA_REV.pdf,Full-Day Kindergarten (FDK) and Primary Class Size Requirements � 2015-16 Results & 2016-17 Reporting
https://efis.fma.csc.gov.on.ca/faab//Memos/SB2016/SB18_EN_AODA.pdf,Update on Transition to Employee Life and Health Trusts (ELHT)
https://efis.fma.csc.gov.on.ca/faab//Memos/SB2016/SB17_EN.pdf,2016-17 Estimates Forms for Section 68 School Authorities
https://efis.fma.csc.gov.on.ca/faab//Memos/SB2016/SB17_attach1.pdf,Guide to Completing the 2016-17 Estimates Forms - Section 68 School Authorities (Hospital Boards)
https://efis.fma.csc.gov.on.ca/faab//Memos/SB2016/SB16_EN.pdf,Amendments to Ontario Regulation 444/98 - Disposition of Surplus Real Property
https://efis.fma.csc.gov.on.ca/faab//Memos/SB2016/SB15_EN.pdf,Retirement Gratuity � Early Payout Option for Non-unionized School Board Employees & Payout Date for all School Board Employees
https://efis.fma.csc.gov.on.ca/faab//Memos/SB2016/SB14_EN.pdf,Update on the Internal Audit Leading Practice Repository
https://efis.fma.csc.gov.on.ca/faab//Memos/SB2016/SB13_EN.pdf,2016-17 Estimates
https://efis.fma.csc.gov.on.ca/faab//Memos/SB2016/SB12_EN.pdf,Utility Consumption Database Webinar Training for the Green Energy Act and Related Deadlines
https://efis.fma.csc.gov.on.ca/faab//Memos/SB2016/SB11_EN.pdf,"March 31, 2016 Financial Reporting Requirements"
https://efis.fma.csc.gov.on.ca/faab//Memos/SB2016/SB10_EN.pdf,"Student Transportation � Grants for Student Needs, 2016�17"
https://efis.fma.csc.gov.on.ca/faab//Memos/SB2016/SB09_EN.pdf,2016-17 School Condition Improvement Funding
https://efis.fma.csc.gov.on.ca/faab//Memos/SB2016/SB08_EN.pdf,"Employee Health, Life & Dental Benefits Transformation - Updates and Reporting Requirements"
https://efis.fma.csc.gov.on.ca/faab//Memos/SB2016/SB07_EN.pdf,Special Education Grant Funding in 2016-17
https://efis.fma.csc.gov.on.ca/faab//Memos/SB2016/SB06_EN_REV.pdf,Retirement Gratuity � Early Payout Option
https://efis.fma.csc.gov.on.ca/faab//Memos/SB2016/SB05_EN.pdf,Trustee Training Module on Internal Audit and The Role of Audit Committees
https://efis.fma.csc.gov.on.ca/faab//Memos/SB2016/SB04_EN.pdf,Student Transportation Competitive Procurement Review Report
https://efis.fma.csc.gov.on.ca/faab//Memos/SB2016/SB03_EN.pdf,Request for boards to update school data to support the SFIS modernization initiative
https://efis.fma.csc.gov.on.ca/faab//Memos/SB2016/SB02_EN.pdf,Extraordinary Costs Incurred During Work-To-Rule Activity in the 2015-16 School Year
https://efis.fma.csc.gov.on.ca/faab//Memos/SB2016/SB01_EN_REV.pdf,Retirement Gratuity � Early Payout Option
https://efis.fma.csc.gov.on.ca/faab//Memos/B2015/B16_EN.pdf,Request for School Consolidation Capital Projects and New Construction of Child Care
https://efis.fma.csc.gov.on.ca/faab//Memos/B2015/B16_EN_attach2_AODA.pdf,Appendix B: List of Ministry Early Years Regional Staff
https://efis.fma.csc.gov.on.ca/faab//Memos/B2015/B16_EN_attach3_AODA.pdf,Appendix C: List of Ministry Capital Analysts
https://efis.fma.csc.gov.on.ca/faab//Memos/B2015/B15_EN.pdf,New Communications Protocol for Major Capital Investments
https://efis.fma.csc.gov.on.ca/faab//Memos/B2015/B14_EN.pdf,1. Grants for Student Needs Funding Regulations for 2015�16 2. Fees For Central Bargaining for the 2015-2016 School Board Fiscal Year Regulation
https://efis.fma.csc.gov.on.ca/faab//Memos/B2015/B13_EN.pdf,Proceeds of Disposition Policy
https://efis.fma.csc.gov.on.ca/faab//Memos/B2015/B12_EN_AODA.pdf,Request for 2015 Capital Priorities Business Cases
https://efis.fma.csc.gov.on.ca/faab//Memos/B2015/B11_EN_AODA.pdf,Capital Funding for New Construction of Child Care
https://efis.fma.csc.gov.on.ca/faab//Memos/B2015/B10_EN_AODA.pdf,"In-year amendments to education funding regulations for 2010-11, 2012-13, 2013-14 and 2014-15 school years"
https://efis.fma.csc.gov.on.ca/faab//Memos/B2015/B9_EN_AODA.pdf,Release of New Pupil Accommodation Review Guideline and Community Planning and Partnerships Guideline
https://efis.fma.csc.gov.on.ca/faab//Memos/B2015/B09-Pupil%20Accommodation%20Review%20Guideline%20-%20Final%20-%20March%202015%20ENG_AODA.pdf,"Appendix A �Pupil Accommodation Review Guideline, March 2015"
https://efis.fma.csc.gov.on.ca/faab//Memos/B2015/Community%20Planning%20and%20Partnerships%20Guideline%20-%20Final%20-%20March%202015%20ENG_AODA.pdf,"Appendix B �Community Planning and Partnerships Guideline, March 2015"
https://efis.fma.csc.gov.on.ca/faab//Memos/B2015/B8_EN_AODA.pdf,2015-16 School Year Education Programs � Other (EPO) Funding
https://efis.fma.csc.gov.on.ca/faab//Memos/B2015/B8_EN_attach_Accessible_AODA.pdf,Appendix A: 2015-16 School Year EPO Funding Allocations
https://efis.fma.csc.gov.on.ca/faab//Memos/B2015/B7_EN_AODA.pdf,Grants for Student Needs Funding for 2015�16
https://efis.fma.csc.gov.on.ca/faab//Memos/B2015/B6_EN_AODA.pdf,2015-16 Grants for Student Needs (GSN) Launch and Follow-up Sessions with School Boards
https://efis.fma.csc.gov.on.ca/faab//Memos/B2015/B5_EN_AODA.pdf,"2015 Proportions of Enrolment for purposes of Education Act, subsections 238(2) and 257.8(3)"
https://efis.fma.csc.gov.on.ca/faab//Memos/B2015/B5_EN_attach.pdf,Table A
https://efis.fma.csc.gov.on.ca/faab//Memos/B2015/B4_EN_AODA.pdf,Process for board approvals for use of benefit plan surpluses during collective bargaining
https://efis.fma.csc.gov.on.ca/faab//Memos/B2015/B3_EN_AODA.pdf,Capital Planning Capacity Program
https://efis.fma.csc.gov.on.ca/faab//Memos/B2015/2015-B3_attach_EN_AODA.pdf,Appendix A � Board Allocations: Capital Planning Capacity Program (2014/15)
https://efis.fma.csc.gov.on.ca/faab//Memos/B2015/B2_EN_AODA.pdf,Compliance with the Broader Public Sector Accountability Act 2010 (BPSAA)
https://efis.fma.csc.gov.on.ca/faab//Memos/B2015/B1_EN_AODA.pdf,Updated Timeline of Student Transportation Competitive Procurement Review
https://efis.fma.csc.gov.on.ca/faab//Memos/SB2015/SB38_EN.pdf,Provincial Benefit Plans - Employee Life and Health Trusts (ELHTs)
https://efis.fma.csc.gov.on.ca/faab//Memos/SB2015/SB37_EN_REV.pdf,Reporting Renewal Expenditures and an Update on the School Condition Assessment Program
"https://efis.fma.csc.gov.on.ca/faab//Memos/SB2015/SB36_EN_Dec%2014,%202015.pdf",School Level Data Verification - 2015/16 Financial Statements and 2016/17 Estimates/Revised Estimates
https://efis.fma.csc.gov.on.ca/faab//Memos/SB2015/SB35_EN.pdf,Enrolment Reporting Initiative Implementation Extension
https://efis.fma.csc.gov.on.ca/faab//Memos/SB2015/SB34_EN.pdf,2014-15 Financial Statements Forms for School Authorities (Isolate Boards)
https://efis.fma.csc.gov.on.ca/faab//Memos/SB2015/SB34_EN_Attach_2014-15%20FS%20Instruction_AODA.pdf,Guide to Completing the Financial Statements Forms
https://efis.fma.csc.gov.on.ca/faab//Memos/SB2015/SB33_EN.pdf,2014-15 Financial Statements Forms for Section 68 School Authorities
https://efis.fma.csc.gov.on.ca/faab//Memos/SB2015/SB33_EN_Attach_2014-15%20FS%20Instructions.pdf,Guide to Completing the 2014-15 Financial Statements Forms
https://efis.fma.csc.gov.on.ca/faab//Memos/SB2015/SB32_EN.pdf,Safe Drinking Water in Schools
https://efis.fma.csc.gov.on.ca/faab//Memos/SB2015/SB31_EN.pdf,2015-16 Revised Estimates (District School Boards)
https://efis.fma.csc.gov.on.ca/faab//Memos/SB2015/SB30_EN.pdf,2014-15 Audit Committee Annual Report to the Ministry
https://efis.fma.csc.gov.on.ca/faab//Memos/SB2015/SB29_EN.pdf,Release of the Updated Capital Analysis and Planning Template and Information on the March 2016 Long-Term Financing of Ministry-Supported Not Permanently Financed Capital Debt
https://efis.fma.csc.gov.on.ca/faab//Memos/SB2015/SB28_EN.pdf,Infrastructure Ontario�s Realty Circulation Publication Website
https://efis.fma.csc.gov.on.ca/faab//Memos/SB2015/SB28_EN_attach.pdf,School Board User Guide
https://efis.fma.csc.gov.on.ca/faab//Memos/SB2015/SB27_EN.pdf,District School Board Enrolment Projections for 2016-17 to 2019-20
https://efis.fma.csc.gov.on.ca/faab//Memos/SB2015/SB26_EN.pdf,Wave III of the Operational Review Refresh Initiative
https://efis.fma.csc.gov.on.ca/faab//Memos/SB2015/SB25_EN.pdf,2014-15 Financial Statements (DSB)
https://efis.fma.csc.gov.on.ca/faab//Memos/SB2015/SB24_EN.pdf,2015-16 Estimates Forms for School Authorities (Isolate Boards)
https://efis.fma.csc.gov.on.ca/faab//Memos/SB2015/SB23_EN.pdf,2014-15 Student Transportation Survey
https://efis.fma.csc.gov.on.ca/faab//Memos/SB2015/SB22_EN.pdf,2015-16 Enrolment Registers and Instructions
https://efis.fma.csc.gov.on.ca/faab//Memos/SB2015/SB21_EN.pdf,2014-15 Enrolment for Financial Statements Purposes
https://efis.fma.csc.gov.on.ca/faab//Memos/SB2015/SB20_EN.pdf,Volunteers Sought for Input on Regional Internal Audit Leading Practice Repository
https://efis.fma.csc.gov.on.ca/faab//Memos/SB2015/SB19_EN.pdf,Audit Committees & Regional Internal Audit Updates
https://efis.fma.csc.gov.on.ca/faab//Memos/SB2015/SB19_EN_attach2_Internal%20Audit%20Expenditure.pdf,Internal Audit Expenditure Envelope Guideline
https://efis.fma.csc.gov.on.ca/faab//Memos/SB2015/SB18_EN.pdf,Implementation of revised Pupil Accommodation Review Guideline and Community Planning and Partnerships Guideline
https://efis.fma.csc.gov.on.ca/faab//Memos/SB2015/SB18_EN_attach.pdf,Survey Monkey Questions
https://efis.fma.csc.gov.on.ca/faab//Memos/SB2015/SB17_EN.pdf,Weekly Transportation of Students Attending Residential Programs at English-Language Provincial/Demonstration Schools
https://efis.fma.csc.gov.on.ca/faab//Memos/SB2015/SB16_EN.pdf,Application Forms for Shared Services Feasibility Studies and Project Implementation Funding
https://efis.fma.csc.gov.on.ca/faab//Memos/SB2015/SB15E_AODA.pdf,2015-16 Estimates Forms for Section 68 School Authorities
https://efis.fma.csc.gov.on.ca/faab//Memos/SB2015/SB14E_AODA.pdf,2015-16 Primary Class Size Plan
https://efis.fma.csc.gov.on.ca/faab//Memos/SB2015/SB13E_AODA.pdf,Shared Services Feasibility Studies and Initiatives
https://efis.fma.csc.gov.on.ca/faab//Memos/SB2015/SB12E_AODA.pdf,Feedback on the Regional Internal Audit Initiative
https://efis.fma.csc.gov.on.ca/faab//Memos/SB2015/SB11E_AODA.pdf,"Green Energy Act (GEA) Reporting, Webinar Training on How to Use the Utility Consumption Database (UCD) to Meet the Requirement, and Related Deadlines"
https://efis.fma.csc.gov.on.ca/faab//Memos/SB2015/SB10E_AODA.pdf,Interim Financial Reporting
https://efis.fma.csc.gov.on.ca/faab//Memos/SB2015/SB09E_AODA.pdf,2015-16 Estimates
https://efis.fma.csc.gov.on.ca/faab//Memos/SB2015/SB08E_AODA.pdf,Utility Consumption Database (UCD) � Additional Utilities
https://efis.fma.csc.gov.on.ca/faab//Memos/SB2015/SB07E_AODA.pdf,"March 31, 2015 Financial Reporting Requirements"
https://efis.fma.csc.gov.on.ca/faab//Memos/SB2015/SB06E_AODA.pdf,"Student Transportation � Grants for Student Needs, 2015-16"
https://efis.fma.csc.gov.on.ca/faab//Memos/SB2015/SB05E_AODA.pdf,Special Education Funding in 2015-16
https://efis.fma.csc.gov.on.ca/faab//Memos/SB2015/SB04E_AODA.pdf,Update on the School Condition Improvement Funding Program and the Condition Assessment Program
https://efis.fma.csc.gov.on.ca/faab//Memos/SB2015/SB03E_AODA.pdf,EFIS 1.0 � Discontinuation of External Access
https://efis.fma.csc.gov.on.ca/faab//Memos/SB2015/SB02E_AODA.pdf,Update on the Operational Review Refresh Initiative
https://efis.fma.csc.gov.on.ca/faab//Memos/SB2015/SB01E_AODA.pdf,Capital Planning Capacity Program
https://efis.fma.csc.gov.on.ca/faab//Memos/SB2015/SB01_Attach_EN.pdf,Appendix 1: 2014-15 Capital Planning Capacity Program Board Allocations
https://efis.fma.csc.gov.on.ca/faab//Memos/B2014/B11_EN_AODA.pdf,Student Transportation Competitive Procurement Review
https://efis.fma.csc.gov.on.ca/faab//Memos/B2014/B10_EN_AODA.pdf,2014-15 School Year Education Programs � Other (EPO) Funding (Second Memo)
https://efis.fma.csc.gov.on.ca/faab//Memos/B2014/2014-B10E%20attach_AODA.pdf,APPENDIX A: 2014-15 SCHOOL YEAR EPO FUNDING ALLOCATIONS TO SCHOOL BOARDS BY PROGRAM
https://efis.fma.csc.gov.on.ca/faab//Memos/B2014/B9_EN_AODA.pdf,"In-year amendments to education funding regulations for 2010-11, 2011-12, 2012-13, 2013-14 and 2014-15 school years"
https://efis.fma.csc.gov.on.ca/faab//Memos/B2014/B8_EN_AODA.pdf,Request for School Consolidation Capital Projects
https://efis.fma.csc.gov.on.ca/faab//Memos/B2014/B7_EN_AODA.pdf,Accounting for Contaminated Sites
https://efis.fma.csc.gov.on.ca/faab//Memos/B2014/B6_EN_AODA.pdf,Health Care Benefit Plan Reserves
https://efis.fma.csc.gov.on.ca/faab//Memos/B2014/B5_EN_AODA.pdf,2014-15 School Year Education Programs � Other (EPO)Funding
https://efis.fma.csc.gov.on.ca/faab//Memos/B2014/B05E%20attach_AODA.pdf,APPENDIX A: 2014-15 SCHOOL YEAR EPO FUNDING ALLOCATIONS TO SCHOOL BOARDS BY PROGRAM
https://efis.fma.csc.gov.on.ca/faab//Memos/B2014/B4_EN_AODA.pdf,Grants for Student Needs Funding and Regulations for 2014�15
https://efis.fma.csc.gov.on.ca/faab//Memos/B2014/B3_EN_AODA.pdf,"2014 Proportions of Enrolment for Purposes of Education Act, subsections 238(2) and 257.8(3)"
https://efis.fma.csc.gov.on.ca/faab//Memos/B2014/2014-B03E%20attach_AODA.pdf,Table A
https://efis.fma.csc.gov.on.ca/faab//Memos/B2014/B2_EN_AODA.pdf,Student Transportation RFP Process Review
https://efis.fma.csc.gov.on.ca/faab//Memos/B2014/2014-B02E%20attach_AODA.pdf,Supply Chain Ontario Review of the Procurement Processes for Student Transportation Services
https://efis.fma.csc.gov.on.ca/faab//Memos/B2014/B1_EN_AODA.pdf,"In-Year Amendments to Education Funding Regulations for 2010-11, 2011-12, 2012-13 and 2013-14 School Years"
https://efis.fma.csc.gov.on.ca/faab//Memos/SB2014/SB30E_AODA.pdf,School Level Data Verification - 2014/15 Financial Statements and 2015/16 Estimates/Revised Estimates
https://efis.fma.csc.gov.on.ca/faab//Memos/SB2014/SB29E_AODA.pdf,2013-14 Financial Statements Forms for School Authorities (Isolate Boards)
https://efis.fma.csc.gov.on.ca/faab//Memos/SB2014/SB28E_AODA.pdf,Operational Review Refresh
https://efis.fma.csc.gov.on.ca/faab//Memos/SB2014/SB27E_AODA.pdf,Financial Statements Forms for Section 68 School Authorities
https://efis.fma.csc.gov.on.ca/faab//Memos/SB2014/SB27E%20attach1_AODA.pdf,Guide to Completing the 2013-14 Financial Statements Forms Section 68 School Authorities (Hospital Boards)
https://efis.fma.csc.gov.on.ca/faab//Memos/SB2014/SB26E_AODA.pdf,District School Board Enrolment Projections for 2015-16 to 2018-19
https://efis.fma.csc.gov.on.ca/faab//Memos/SB2014/SB25E_AODA.pdf,2014-15 Revised Estimates
https://efis.fma.csc.gov.on.ca/faab//Memos/SB2014/SB24E_AODA.pdf,"Release of the Updated Capital Analysis and Planning Template and Approval to Proceed Process, and Information on the March 2015 Long-Term Financing of Ministry-Supported Not Permanently Financed Capital Debt"
https://efis.fma.csc.gov.on.ca/faab//Memos/SB2014/SB24E_attach1_AODA.pdf,Approval to proceed (ATP) request form
https://efis.fma.csc.gov.on.ca/faab//Memos/SB2014/SB24E_attach2_AODA.pdf,Capital Construction Approval Process
https://efis.fma.csc.gov.on.ca/faab//Memos/SB2014/SB23E_AODA.pdf,2013-14 Audit Committee Annual Report to the Ministry
https://efis.fma.csc.gov.on.ca/faab//Memos/SB2014/SB22E_AODA.pdf,Guidance for Holding Audit Committee Meetings in Closed Sessions
https://efis.fma.csc.gov.on.ca/faab//Memos/SB2014/SB21E_AODA.pdf,2013-14 Financial Statements Forms (DSBs)
https://efis.fma.csc.gov.on.ca/faab//Memos/SB2014/SB20E_AODA.pdf,Upgraded EDU GIS
https://efis.fma.csc.gov.on.ca/faab//Memos/SB2014/SB19_AODA.pdf,2014-15 Enrolment Registers and Instructions
https://efis.fma.csc.gov.on.ca/faab//Memos/SB2014/SB18E_AODA.pdf,2013-14 Student Transportation Survey
https://efis.fma.csc.gov.on.ca/faab//Memos/SB2014/SB17E_AODA.pdf,2013-14 Enrolment for Financial Statements Purposes
https://efis.fma.csc.gov.on.ca/faab//Memos/SB2014/SB16E_AODA.pdf,2014-15 Estimates Forms for School Authorities (Isolate Boards)
https://efis.fma.csc.gov.on.ca/faab//Memos/SB2014/SB15E_AODA.pdf,Attendance Recognition 2013-14 Year End Payment and Sick Bank Top-Up Liability for 2013-14
https://efis.fma.csc.gov.on.ca/faab//Memos/SB2014/SB14E_AODA.pdf,2014-15 Estimates Forms for Section 68 School Authorities
https://efis.fma.csc.gov.on.ca/faab//Memos/SB2014/SB14E%20attach1_AODA.pdf,GUIDE TO COMPLETING THE 2014-15 ESTIMATES FORMS - Section 68 School Authorities (Hospital Boards)
https://efis.fma.csc.gov.on.ca/faab//Memos/SB2014/SB13E_AODA.pdf,Accounting for Contaminated Sites
https://efis.fma.csc.gov.on.ca/faab//Memos/SB2014/SB12E_AODA.pdf,Green Energy Act - Phase I and Phase II Reporting
https://efis.fma.csc.gov.on.ca/faab//Memos/SB2014/SB12E%20attach1_AODA.pdf,Energy Conservation and Demand Management Plan
https://efis.fma.csc.gov.on.ca/faab//Memos/SB2014/SB11E_AODA.pdf,Estimates 2014-15
https://efis.fma.csc.gov.on.ca/faab//Memos/SB2014/SB10E_AODA.pdf,2014-15 Primary Class Size Plan
https://efis.fma.csc.gov.on.ca/faab//Memos/SB2014/SB09E_AODA.pdf,"Student Transportation � Grants for Student Needs, 2014-15"
https://efis.fma.csc.gov.on.ca/faab//Memos/SB2014/SB08E_AODA.pdf,BPS Procurement Directive Training Modules for Ontario School Boards
https://efis.fma.csc.gov.on.ca/faab//Memos/SB2014/SB08E%20attach1_AODA.pdf,Installation Instructions (LMS and Web)
https://efis.fma.csc.gov.on.ca/faab//Memos/SB2014/SB07E_AODA.pdf,Rollout instructions for the new Utility Consumption Database (UCD) & a reminder of the upcoming Green Energy Act reporting requirements
https://efis.fma.csc.gov.on.ca/faab//Memos/SB2014/SB06E_AODA.pdf,"March 31, 2014 Financial Reporting Requirements"
https://efis.fma.csc.gov.on.ca/faab//Memos/SB2014/SB05E_AODA.pdf,Condition Assessment Program Update & Guidelines for Entering School Facility Inventory System (SFIS) Data
https://efis.fma.csc.gov.on.ca/faab//Memos/SB2014/SB04E_AODA.pdf,Special Education Funding and Mental Health Leaders
https://efis.fma.csc.gov.on.ca/faab//Memos/SB2014/SB03E_AODA.pdf,Regional Internal Audit Administration Expenditures
https://efis.fma.csc.gov.on.ca/faab//Memos/SB2014/SB03E%20attach%20AODA_NEW.pdf,Internal Audit Expenditure Envelope Guideline
https://efis.fma.csc.gov.on.ca/faab//Memos/SB2014/SB02E_AODA.pdf,Audit Committees & Internal Audit on School Business Support Branch Website
https://efis.fma.csc.gov.on.ca/faab//Memos/SB2014/SB01E_AODA.pdf,Provision and Expansion of the Utility Consumption Database for Ontario District School Boards
https://efis.fma.csc.gov.on.ca/faab//Memos/B2013/B23_EN_AODA.pdf,Education Programs - Other (EPO)
https://efis.fma.csc.gov.on.ca/faab//Memos/B2013/2013-B23E%20Appendix_AODA.pdf,Appendix
https://efis.fma.csc.gov.on.ca/faab//Memos/B2013/B19_EN_AODA.pdf,Implications of the MOUs with Collaborative Education Support Staff (CESS) unions
https://efis.fma.csc.gov.on.ca/faab//Memos/B2013/B16_EN_AODA.pdf,Terms and Conditions of Employment for Principals and Vice-Principals
https://efis.fma.csc.gov.on.ca/faab//Memos/B2013/B15_EN_AODA.pdf,Amended Regulations on Sick-Leave and Non-vested Retirement Gratuities
https://efis.fma.csc.gov.on.ca/faab//Memos/B2013/B14_EN_AODA.pdf,Implications of the Updated MOU with AEFO
https://efis.fma.csc.gov.on.ca/faab//Memos/B2013/B13_EN_AODA.pdf,Request for Capital Priorities
https://efis.fma.csc.gov.on.ca/faab//Memos/B2013/B12_EN_AODA.pdf,Implications of the Updated MOU with OECTA
https://efis.fma.csc.gov.on.ca/faab//Memos/B2013/B11_EN_AODA.pdf,Implications of the 2013 MOU with CUPE
https://efis.fma.csc.gov.on.ca/faab//Memos/B2013/B10_EN_AODA.pdf,Systems Support to Implement Labour Framework Reforms
https://efis.fma.csc.gov.on.ca/faab//Memos/B2013/B9_EN_AODA.pdf,Implications of the MOU with OSSTF
https://efis.fma.csc.gov.on.ca/faab//Memos/B2013/B8_EN_AODA.pdf,Update to the Capital Funding Policy to Replace Child Care Spaces in Replacement Schools
https://efis.fma.csc.gov.on.ca/faab//Memos/B2013/B7_EN_AODA.pdf,Changes to the Requirements for the Wind-up Payments for Non-vested Retirement Gratuities
https://efis.fma.csc.gov.on.ca/faab//Memos/B2013/B6_EN_AODA.pdf,2013-14 Funding in addition to Grants for Student Needs
https://efis.fma.csc.gov.on.ca/faab//Memos/B2013/B5_EN_AODA.pdf,Grants for Student Needs Funding and Regulations
https://efis.fma.csc.gov.on.ca/faab//Memos/B2013/B4_EN_AODA.pdf,"2013 Proportions of Enrolment for purposes of Education Act, subsections 238(2) and 257.8(3)"
https://efis.fma.csc.gov.on.ca/faab//Memos/B2013/2013-B04E%20-%20Attach_AODA.pdf,Table A
https://efis.fma.csc.gov.on.ca/faab//Memos/B2013/B3_EN_AODA.pdf,Implications of the MOU with CUPE and Further Technical Clarifications
https://efis.fma.csc.gov.on.ca/faab//Memos/B2013/2013_B3E%20-%20Attach_1_AODA.pdf,O Reg 11-13 Sick Leave Credit
https://efis.fma.csc.gov.on.ca/faab//Memos/B2013/2013_B3E%20-%20Attach_2.pdf,Memos/B2013/2013_B3E%20-%20Attach_2.pdf
https://efis.fma.csc.gov.on.ca/faab//Memos/B2013/2013_B3E%20-%20Attach_2_AODA.pdf,O Reg 12-13 General
https://efis.fma.csc.gov.on.ca/faab//Memos/B2013/B2_EN_AODA.pdf,Technical Clarifications to the Memoranda of Understanding
https://efis.fma.csc.gov.on.ca/faab//Memos/B2013/2013-B2E%20-%20Attach%201_AODA.pdf,Ontario Regulation 1/13 Sick Leave Credits and Sick Leave Credit Gratuities
https://efis.fma.csc.gov.on.ca/faab//Memos/B2013/2013-B2E%20-%20Attach%202_AODA.pdf,Ontario Regulation 2/13 General
https://efis.fma.csc.gov.on.ca/faab//Memos/B2013/2013-B2E%20-%20Attach%203_AODA.pdf,"Ontario Regulation 3/13 Amending O. Reg. 313/12 (SICK LEAVE PROVISIONS, 2012-2013)"
https://efis.fma.csc.gov.on.ca/faab//Memos/B2013/B1_EN_AODA.pdf,Enhancements to the Memoranda of Understanding
https://efis.fma.csc.gov.on.ca/faab//Memos/B2012/B15_EN_AODA.pdf,Transition Regulation - New Sick leave and Short Term Disability Plan
https://efis.fma.csc.gov.on.ca/faab//Memos/B2012/B14_EN_AODA.pdf,Implementation of the Putting Students First Act and amendments to education funding regulations
https://efis.fma.csc.gov.on.ca/faab//Memos/B2012/B13_EN_AODA.pdf,Funding Framework for Local Bargaining
https://efis.fma.csc.gov.on.ca/faab//Memos/B2012/B12-EN_AODA.pdf,Education funding regulations for 2012-13
https://efis.fma.csc.gov.on.ca/faab//Memos/B2012/B11_EN_AODA.pdf,Implementing the 2012-13 Grants for Student Needs
https://efis.fma.csc.gov.on.ca/faab//Memos/B2012/B10_EN_AODA.pdf,Fundraising Guideline
https://efis.fma.csc.gov.on.ca/faab//Memos/B2012/2012-B_10E%20-%20Attach_AODA.pdf,Attach - Fundraising Guideline
https://efis.fma.csc.gov.on.ca/faab//Memos/B2012/B9_EN_AODA.pdf,Implementing Ontario's Balanced Budget Plan
https://efis.fma.csc.gov.on.ca/faab//Memos/B2012/B8_EN_AODA.pdf,Moving Forward with Student Transportation Competitive Procurement
https://efis.fma.csc.gov.on.ca/faab//Memos/B2012/B08_Attach_3.a%20Checklist%20Student%20Transportation%20Procurement_March%2021_AODA.pdf,BPS Procurement Directive Working Committee Checklist for Student Transportation
https://efis.fma.csc.gov.on.ca/faab//Memos/B2012/B08_Attach2_3b.%20CP%20Resource%20Support%20Application%20Template_March%2021_AODA.pdf,Application for Student Transportation Competitive Procurement Resource Support
https://efis.fma.csc.gov.on.ca/faab//Memos/B2012/B7_EN_AODA.pdf,Request for Capital Priorities
https://efis.fma.csc.gov.on.ca/faab//Memos/B2012/B6_EN_AODA.pdf,2012-13 Funding in addition to Grants for Student Needs
https://efis.fma.csc.gov.on.ca/faab//Memos/B2012/B_06%20-%20Appendix%20A_AODA.pdf,Appendix A: 2012-13 EPO & OLE funding school board allocations by program
https://efis.fma.csc.gov.on.ca/faab//Memos/B2012/B5_EN_AODA.pdf,Education funding for 2012-13
https://efis.fma.csc.gov.on.ca/faab//Memos/B2012/B4_EN_AODA.pdf,"2012 Proportions of Enrolment for purposes of Education Act, subsections 238(2) and 257.8(3)"
https://efis.fma.csc.gov.on.ca/faab//Memos/B2012/B3_EN_AODA.pdf,Interim Policy Regarding Capital Funding to Replace Child Care Spaces in Replacement Schools
https://efis.fma.csc.gov.on.ca/faab//Memos/B2012/B2_EN_AODA.pdf,In-year amendments to education funding regulations for 2009-10 to 2011-12
https://efis.fma.csc.gov.on.ca/faab//Memos/B2021/B10_attach2_EN.pdf,Appendix B - Transfer Payment Ontario (TPON) System
https://efis.fma.csc.gov.on.ca/faab//Memos/SB2017/SB34_EN.pdf,School Level Data Verification - 2017-18 Financial Statements and 2018-19 Estimates/Revised Estimates
https://efis.fma.csc.gov.on.ca/faab//Memos/SB2016/SB28_EN_AODA.pdf,District School Board Enrolment Projections for 2017-18 to 2020-21
https://efis.fma.csc.gov.on.ca/faab//Memos/B2012/B1_EN_AODA.pdf,Full Day Kindergarten Student Transportation Funding Adjustments
"https://efis.fma.csc.gov.on.ca/faab//Memos/SB2022/SB01_FR.pdf","Modification temporaire de la rgle des 50 jours de remploi du Rgime de retraite des enseignantes et des enseignants de lOntario (RREO) pour l'anne scolaire 2021-2022  Exigences en matire de rapports"
"https://efis.fma.csc.gov.on.ca/faab//Memos/B2022/B06_EN.pdf","40,000 Additional Standalone HEPA Filter Units"
"https://efis.fma.csc.gov.on.ca/faab//Memos/B2022/B05_EN.pdf","2022-23 Priorities and Partnership Funding (PPF)"
"https://efis.fma.csc.gov.on.ca/faab//Memos/B2022/B05_Attach1_EN.pdf","Appendix A - 2022-23 Priorities and Partnerships Funding Allocations"
"https://efis.fma.csc.gov.on.ca/faab//Memos/B2022/B05_Attach2_EN.pdf","Appendix B - Transfer Payment Ontario (TPON) System"
"https://efis.fma.csc.gov.on.ca/faab//Memos/B2022/B04_EN.pdf","Capital Funding for the 2022-23 School Year"
"https://efis.fma.csc.gov.on.ca/faab//Memos/B2022/B03_EN.pdf","2022-23 Grants for Student Needs Funding (GSN)"
"https://efis.fma.csc.gov.on.ca/faab//Memos/B2022/B02_EN.pdf","Learning Recovery Action Plan"
"https://efis.fma.csc.gov.on.ca/faab//Memos/B2022/B01_EN.pdf","Launch of 2022-23 Capital Priorities Program including Child Care Capital Funding"
"https://efis.fma.csc.gov.on.ca/faab//Memos/SB2022/SB05_EN.pdf","Elementary Teachers' Federation of Ontario (ETFO) Remedy Award"
"https://efis.fma.csc.gov.on.ca/faab//Memos/SB2022/SB04_EN.pdf","Student Transportation - Grants for Student Needs 2022-23"
"https://efis.fma.csc.gov.on.ca/faab//Memos/SB2022/SB03_EN.pdf","Updates on Calculation of 2021-22 Stabilization and Supplemental COVID-19 Support Funding"
"https://efis.fma.csc.gov.on.ca/faab//Memos/SB2022/SB02_EN.pdf","2021-22 Student Transportation Grant In-Year Adjustment for Fuel-Related Costs"
"https://efis.fma.csc.gov.on.ca/faab//Memos/SB2022/SB01_EN.pdf","Temporary Amendment to the Ontario Teachers Pension Plan (OTPP) 95 Day Re-Employment rule for the 2021-22 School Year - Reporting Requirements"
"https://efis.fma.csc.gov.on.ca/faab//Memos/B2022/B08_EN.pdf","Safe Indoor Air Top Up to Federal Safe Return to Class Fund"
"https://efis.fma.csc.gov.on.ca/faab//Memos/B2022/B07_EN.pdf","2022 Proportions of Enrolment for purposes of the Education Act, subsections 238(2) and 257.8(3)"
"https://efis.fma.csc.gov.on.ca/faab//Memos/SB2022/SB07_EN.pdf","Amendments to Grants for Student Needs and Related Regulations"
"https://efis.fma.csc.gov.on.ca/faab//Memos/SB2022/SB06_EN.pdf","2020-21 Audit Committee Annual Report to the Ministry"
"https://efis.fma.csc.gov.on.ca/faab//Memos/B2022/B15_EN.pdf","Communication of School-Level Ventilation Improvement Measures"
"https://efis.fma.csc.gov.on.ca/faab//Memos/B2022/B14_EN.pdf","2022-23 Student Transportation Grant- Cost Update"
"https://efis.fma.csc.gov.on.ca/faab//Memos/B2022/B13_EN.pdf","School Bus Driver Retention Pilot Program (DRP) in the 2022-23 School Year"
"https://efis.fma.csc.gov.on.ca/faab//Memos/B2022/B12_EN.pdf","Federal Investing in Canada Infrastructure Program: Ventilation Improvements in Schools"
"https://efis.fma.csc.gov.on.ca/faab//Memos/B2022/B11_EN.pdf","2022-23 Grants for Student Needs (GSN) and Related Regulations"
"https://efis.fma.csc.gov.on.ca/faab//Memos/B2022/B10_EN.pdf","Student Transportation - Support for School Bus Operators in the Adoption of Updated Lighting Requirements"
"https://efis.fma.csc.gov.on.ca/faab//Memos/B2022/B09_EN.pdf","Supporting persons who have been granted an emergency authorization to enter into or remain in Canada"
"https://efis.fma.csc.gov.on.ca/faab//Memos/SB2022/SB31_EN.pdf","2021-22 Financial Statements for School Authorities (Isolates)"
"https://efis.fma.csc.gov.on.ca/faab//Memos/SB2022/SB30_EN.pdf","2021-22 Financial Statements Forms for Section 68 School Authorities"
"https://efis.fma.csc.gov.on.ca/faab//Memos/SB2022/SB29_EN.pdf","2022-23 Revised Estimates (District School Boards)"
"https://efis.fma.csc.gov.on.ca/faab//Memos/SB2022/SB28_EN.pdf","Update on Consolidation of the Ontario School Boards Insurance Exchange into School Board Financial Statements"
"https://efis.fma.csc.gov.on.ca/faab//Memos/SB2022/SB27_EN.pdf","2022 Student Transportation Routing Simulation"
"https://efis.fma.csc.gov.on.ca/faab//Memos/SB2022/SB27_Attach1_EN.pdf","2022 Student Transportation Reference Standard Guidelines"
"https://efis.fma.csc.gov.on.ca/faab//Memos/SB2022/SB27_Attach2_EN.pdf","2022 Routing Simulation Reporting Instructions"
"https://efis.fma.csc.gov.on.ca/faab//Memos/SB2022/SB26_EN.pdf","Secondary Class Size Reporting: Guide and Compliance Framework Implementation"
"https://efis.fma.csc.gov.on.ca/faab//Memos/SB2022/SB25_EN.pdf","District School Board Enrolment Projections for 2023-24 to 2026-27"
"https://efis.fma.csc.gov.on.ca/faab//Memos/SB2022/SB24_EN.pdf","2021-22 Financial Statements (District School Boards)"
"https://efis.fma.csc.gov.on.ca/faab//Memos/SB2022/SB24_Attach1_EN.pdf","Appendix A - SharePoint Site"
"https://efis.fma.csc.gov.on.ca/faab//Memos/SB2022/SB23_EN.pdf","Sick Leave Data Analysis Project"
"https://efis.fma.csc.gov.on.ca/faab//Memos/SB2022/SB23_Attach1_EN.pdf","Authorization Release Form"
"https://efis.fma.csc.gov.on.ca/faab//Memos/SB2022/SB22_EN.pdf","Supply Chain Data Collection  Updated Corporate Reporting Requirements for Fiscal Years 2018-19, 2019-20, 2020-21"
"https://efis.fma.csc.gov.on.ca/faab//Memos/SB2022/SB21_EN.pdf","Consolidation of the Ontario School Boards Insurance Exchange into School Board Financial Statements"
"https://efis.fma.csc.gov.on.ca/faab//Memos/SB2022/SB20_EN.pdf","Student Transportation - One-time Grant to Support School Bus Operators in the Adoption of Updated Lighting Requirements"
"https://efis.fma.csc.gov.on.ca/faab//Memos/SB2022/SB20_Attach1_EN.pdf","Support for Ontario School Bus Operators: Eight Lamp Amber-Red Warning System Grant Program Guide"
"https://efis.fma.csc.gov.on.ca/faab//Memos/SB2022/SB19_EN.pdf","Supply Chain Data Collection - Corporate Reporting for Fiscal Years 2018/19, 2019/20, 2020/21"
"https://efis.fma.csc.gov.on.ca/faab//Memos/SB2022/SB19_Attach1_EN.pdf","Procurement Activity Report (PAR) Template"
"https://efis.fma.csc.gov.on.ca/faab//Memos/SB2022/SB18_EN.pdf","Reporting requirements for network operations and sustainment"
"https://efis.fma.csc.gov.on.ca/faab//Memos/SB2022/SB17_EN.pdf","2022-23 Elementary and Secondary Class Size Reporting"
"https://efis.fma.csc.gov.on.ca/faab//Memos/SB2022/SB16_EN.pdf","Additional information on reporting requirements for the 2021-22 Excellence in Education Administration Fund"
"https://efis.fma.csc.gov.on.ca/faab//Memos/SB2022/SB16_Attach1_EN.pdf","Appendix A - Program Guidelines (unchanged)"
"https://efis.fma.csc.gov.on.ca/faab//Memos/SB2022/SB16_Attach4_EN.pdf","Appendix F - General Requirements Summary (new)"
"https://efis.fma.csc.gov.on.ca/faab//Memos/SB2022/SB15_EN.pdf","Additional Information: Supporting Ukrainian students who have been granted an emergency authorization to enter into or remain in Canada"
"https://efis.fma.csc.gov.on.ca/faab//Memos/SB2022/SB14_EN.pdf","2022-23 Enrolment Register Instructions"
"https://efis.fma.csc.gov.on.ca/faab//Memos/SB2022/SB13_EN.pdf","2022-23 Estimates Forms for School Authorities (Isolate Boards)"
"https://efis.fma.csc.gov.on.ca/faab//Memos/SB2022/SB12_EN.pdf","March 31, 2022 Financial Reporting Requirements"
"https://efis.fma.csc.gov.on.ca/faab//Memos/SB2022/SB11_EN.pdf","2022-23 Student Mental Well-Being Allocation"
"https://efis.fma.csc.gov.on.ca/faab//Memos/SB2022/SB10_EN.pdf","2022-23 Estimates Forms for Section 68 School Authorities"
"https://efis.fma.csc.gov.on.ca/faab//Memos/SB2022/SB09_EN.pdf","2022-23 Estimates (District School Boards)"
"https://efis.fma.csc.gov.on.ca/faab//Memos/SB2022/SB08_EN.pdf","Special Education Grant Changes for 2022-23"
"https://efis.fma.csc.gov.on.ca/faab//Memos/B2023/B02_EN.pdf","2023 Proportions of Enrolment for purposes of the Education Act, subsections 238(2) and 257.8(3)"
"https://efis.fma.csc.gov.on.ca/faab//Memos/B2023/B01_EN.pdf","Amendments to Grants for Student Needs (GSN) and Related Regulations"
"https://efis.fma.csc.gov.on.ca/faab//Memos/SB2022/SB36_EN.pdf","Asset Retirement Obligation Standard Implementation- Sector-Level Costing Model 2"
"https://efis.fma.csc.gov.on.ca/faab//Memos/SB2022/SB35_EN.pdf","Updates to: Reciprocal Education Approach (REA) Instructions for First Nations and School Boards"
"https://efis.fma.csc.gov.on.ca/faab//Memos/SB2022/SB35_Attach1_EN.pdf","2022-23 REA Instructions for First Nations and School Boards"
"https://efis.fma.csc.gov.on.ca/faab//Memos/SB2022/SB34_EN.pdf","Costs Not Incurred as a Result of Strikes and Eligible Expenses Resulting from Labour Disruptions"
"https://efis.fma.csc.gov.on.ca/faab//Memos/SB2022/SB33_EN.pdf","School Level Data Verification for 2022-23 Financial Statements and 2023-2024 Estimates/Revised Estimates and Updates on ECIS Business Rules and Procedures"
"https://efis.fma.csc.gov.on.ca/faab//Memos/SB2022/SB32_EN.pdf","2021-22 Audit Committee Annual Report"
"https://efis.fma.csc.gov.on.ca/faab//Enrolment/Class_Size/2022-23_Instruction_guide_secondary_class_size_reporting.pdf","Secondary Class Size Reporting Guide"
"https://efis.fma.csc.gov.on.ca/faab//Memos/B2024/B01_EN.pdf","Amendments to Grants for Student Needs (GSN) and Related Regulations"
"https://efis.fma.csc.gov.on.ca/faab//Capital%20Programs%20Branch/SB-05_EN.pdf","Supply Chain Data Collection - Corporate Reporting for Fiscal Years 2021-22 and 2022-23"
"https://efis.fma.csc.gov.on.ca/faab//Capital%20Programs%20Branch/SB-04%20EN.pdf","Ontario Builds Signage - Updated Requirements for Capital Priorities School-based Child Care and Renewal Projects"
"https://efis.fma.csc.gov.on.ca/faab//Memos/SB2024/SB03%20_EN.pdf","S68 Hospital Board 2022-23 Financial Statement"
"https://efis.fma.csc.gov.on.ca/faab//Memos/SB2024/SB02_EN.pdf","Updates to 2023-24 Student Transportation Grant"
"https://efis.fma.csc.gov.on.ca/faab//Memos/SB2024/SB01_EN.pdf","2023-24 school year reporting requirements for network operations and sustainment"
"https://efis.fma.csc.gov.on.ca/faab//Memos/B2023/B11_EN.pdf","School Ventilation 2023-24"
"https://efis.fma.csc.gov.on.ca/faab//Memos/B2023/B10_EN.pdf","Application of Early Reading Screening components of PPM 168 for 2023-24"
"https://efis.fma.csc.gov.on.ca/faab//Memos/B2023/B09_EN.pdf","2023-24 Grants for Student Needs (GSN) and Related Regulations"
"https://efis.fma.csc.gov.on.ca/faab//Memos/B2023/B08_EN.pdf","Launch of 2023-24 Capital Priorities Program"
"https://efis.fma.csc.gov.on.ca/faab//Memos/B2023/B07_EN.pdf","Capital Funding for the 2023-24 School Year"
"https://efis.fma.csc.gov.on.ca/faab//Memos/B2023/B06_EN.pdf","Student Transportation Grant - Grants for Student Needs 2023-24"
"https://efis.fma.csc.gov.on.ca/faab//Memos/B2023/B05_EN.pdf","2023-24 Priorities and Partnerships Funding (PPF)"
"https://efis.fma.csc.gov.on.ca/faab//Memos/B2023/B05_Attach1_EN.pdf","Appendix A - 2023-24 Priorities and Partnerships Funding Allocations"
"https://efis.fma.csc.gov.on.ca/faab//Memos/B2023/B04_EN.pdf","2023-24 Grants for Student Needs Funding"
"https://efis.fma.csc.gov.on.ca/faab//Memos/B2023/B03_EN.pdf","Better Outcomes for Students"
"https://efis.fma.csc.gov.on.ca/faab//Memos/SB2023/SB22_EN.pdf","2022-23 Financial Statements for School Authorities (Isolate Boards)"
"https://efis.fma.csc.gov.on.ca/faab//Memos/SB2023/SB21_EN.pdf","Updates to Communications Protocol- New Public Communications Requirements"
"https://efis.fma.csc.gov.on.ca/faab//Memos/SB2023/SB21_Attach1_EN.pdf","Communications Protocol: Public Communications, Events and Signage"
"https://efis.fma.csc.gov.on.ca/faab//Memos/SB2023/SB20_EN.pdf","202324 Follow Up to Grants for Student Needs (GSN) Funding: New Supplemental Amount in the Board Action Plan (BAP) Allocation"
"https://efis.fma.csc.gov.on.ca/faab//Memos/SB2023/SB19_EN.pdf","Data Verification for 2023-24 Financial Statements and 2024-2025 Estimates/Revised Estimates"
"https://efis.fma.csc.gov.on.ca/faab//Memos/SB2023/SB18_EN.pdf","Student Transportation  Routing Simulation to Support 2024-25 Allocation"
"https://efis.fma.csc.gov.on.ca/faab//Memos/SB2023/SB18_Attach1_EN.pdf","2024-25 Routing Simulation Guidelines"
"https://efis.fma.csc.gov.on.ca/faab//Memos/SB2023/SB18_Attach2_EN.pdf","2024-25 Routing Simulation Reporting Instructions"
"https://efis.fma.csc.gov.on.ca/faab//Memos/SB2023/SB17_EN.pdf","2023-24 Revised Estimates (District School Boards)"
"https://efis.fma.csc.gov.on.ca/faab//Memos/SB2023/SB16_EN.pdf","202324 Grants for Student Needs (GSN) Funding: Follow-Up on Summer Learning Program Allocation"
"https://efis.fma.csc.gov.on.ca/faab//Memos/SB2023/SB15_EN.pdf","2024-25 GSN Enrolment Forecast Template (District School Boards)"
"https://efis.fma.csc.gov.on.ca/faab//Memos/SB2023/SB14_EN.pdf","2022-23 Financial Statements (District School Boards)"
"https://efis.fma.csc.gov.on.ca/faab//Memos/SB2023/SB13_EN.pdf","2023-24 Secondary Class Size Reporting"
"https://efis.fma.csc.gov.on.ca/faab//Memos/SB2023/SB13_Attach1_EN.pdf","Instruction Guide"
"https://efis.fma.csc.gov.on.ca/faab//Memos/SB2023/SB12_EN.pdf","2023-24 Elementary Class Size Reporting"
"https://efis.fma.csc.gov.on.ca/faab//Memos/SB2023/SB12_Attach1_EN.pdf","Instruction Guide"
"https://efis.fma.csc.gov.on.ca/faab//Memos/SB2023/SB11_EN.pdf","Student Transportation  Start-up Survey and Daily Cancellation Report for 2023-24 School Year"
"https://efis.fma.csc.gov.on.ca/faab//Memos/SB2023/SB11_Appendix1_EN.pdf","Appendix 1"
"https://efis.fma.csc.gov.on.ca/faab//Memos/SB2023/SB10_EN.pdf","2023-2024 Enrolment Register Instructions"
"https://efis.fma.csc.gov.on.ca/faab//Memos/SB2023/SB09_EN.pdf","2023-24 Estimates Forms for School Authorities (Isolate Boards)"
"https://efis.fma.csc.gov.on.ca/faab//Memos/SB2023/SB08_EN.pdf","2022-23 Audit Committee Annual Report"
"https://efis.fma.csc.gov.on.ca/faab//Memos/SB2023/SB08_Attach1_EN.pdf","Appendix A  Instructions to access SharePoint site"
"https://efis.fma.csc.gov.on.ca/faab//Memos/SB2023/SB07_EN.pdf","2023-24 Student Transportation Grant and Enhanced Reporting"
"https://efis.fma.csc.gov.on.ca/faab//Memos/SB2023/SB06_EN.pdf","Reporting Secondary Class Size"
"https://efis.fma.csc.gov.on.ca/faab//Memos/SB2023/SB05_EN.pdf","2023-24 Estimates Forms for Section 68 School Authorities"
"https://efis.fma.csc.gov.on.ca/faab//Memos/SB2023/SB04_EN.pdf","2023-24 Estimates (District School Boards)"
"https://efis.fma.csc.gov.on.ca/faab//Memos/SB2023/SB03_EN.pdf","School-Level Data Verification for Child Care Centres Located in Schools"
"https://efis.fma.csc.gov.on.ca/faab//Memos/SB2023/SB03_Attach1_EN.pdf","ECIS Instructions for School Board Users to Enter On-Site Child Care Programs"
"https://efis.fma.csc.gov.on.ca/faab//Memos/SB2023/SB02_EN.pdf","March 31, 2023 Financial Reporting Requirements"
"https://efis.fma.csc.gov.on.ca/faab//Memos/SB2023/SB01_EN.pdf","Temporary amendment to the Ontario Teachers' Pension Plan (OTPP) 95-day re-employment rule for the 2022-23 school year - reporting requirements"
"https://efis.fma.csc.gov.on.ca/faab//Memos/B2024/B04_EN.pdf","Amendments to Grants for Student Needs (GSN) Monetary Resolution Bill 124"
"https://efis.fma.csc.gov.on.ca/faab//Memos/B2024/B03_EN.pdf","2024 - Proportions of Enrolment for purposes of the Education Act, subsections 238(2) and 257.8(3)"
"https://efis.fma.csc.gov.on.ca/faab//Enrolment/2023-2024/B02_EN.pdf","Monetary Resolution to Bill 124"
"https://efis.fma.csc.gov.on.ca/faab//Memos/SB2024/SB07_EN.pdf","Updated Communications Protocol"
"https://efis.fma.csc.gov.on.ca/faab//Memos/SB2024/Communications%20Protocol%20for%20Capital%20Projects%20Updated%20March%202024.pdf","Communications Protocol for Capital Projects Updated March 2024"
"https://efis.fma.csc.gov.on.ca/faab//Memos/SB2024/SB06_EN.pdf","March 31, 2024 Financial Reporting Requirement"
"https://efis.fma.csc.gov.on.ca/faab//Memos/B2024/B05_Attach_1_EN.pdf","Public Sector Accounting Board (PSAB)"
"https://efis.fma.csc.gov.on.ca/faab//Memos/B2024/B16_EN.pdf","Amendments to Core Education Funding (Core Ed) and Related Regulations"
"https://efis.fma.csc.gov.on.ca/faab//Memos/B2024/B15_EN.pdf","School Ventilation Guidance and Public Reporting of Renewal Projects"
"https://efis.fma.csc.gov.on.ca/faab//Memos/B2024/B14_EN.pdf","Additional Funding for Bill 124 Monetary Resolution"
"https://efis.fma.csc.gov.on.ca/faab//Memos/B2024/B13_EN.pdf","2024-25 Core Education Funding (Core Ed) and Related Regulations"
"https://efis.fma.csc.gov.on.ca/faab//Memos/B2024/B12_EN.pdf","Menstrual Equity Initiative - Continuing to Enhance Student Access to Free Menstrual Products in Ontario Schools"
"https://efis.fma.csc.gov.on.ca/faab//Memos/B2024/B12_Attach1_EN.pdf","Memos/B2024/B12_Attach1_EN.pdf"
"https://efis.fma.csc.gov.on.ca/faab//Memos/B2024/B12_Attach1_FR.pdf","les-Lge"
"https://efis.fma.csc.gov.on.ca/faab//Memos/B2024/B11_EN.pdf","Launch of 2024-25 Capital Priorities Program"
"https://efis.fma.csc.gov.on.ca/faab//Memos/B2024/B10_EN.pdf","Revised Time Limits for Renewal Funding"
"https://efis.fma.csc.gov.on.ca/faab//Memos/B2024/B09_EN.pdf","2024-25 Math and Literacy Supports"
"https://efis.fma.csc.gov.on.ca/faab//Memos/B2024/B08_EN.pdf","Capital funding for the 2024-25 school year"
"https://efis.fma.csc.gov.on.ca/faab//Memos/B2024/B08_Attach1_EN.pdf","Education Capital Policies and Programs Manual"
"https://efis.fma.csc.gov.on.ca/faab//Memos/B2024/B07_EN.pdf","Student transportation-Core Education Funding 2024-25"
"https://efis.fma.csc.gov.on.ca/faab//Memos/B2024/B06_EN.pdf","Responsive Education Programs (formerly Priorities and Partnerships Funding)"
"https://efis.fma.csc.gov.on.ca/faab//Memos/B2024/B06_Attach1_EN.pdf","Appendix A - 2024-25 REP Funding Allocations"
"https://efis.fma.csc.gov.on.ca/faab//Memos/B2024/B05_EN.pdf","2024-25 Core Education Funding formerly-Grants for Student Needs"
"https://efis.fma.csc.gov.on.ca/faab//Memos/B2024/B05_Attach1_EN.pdf","Technical Guide for School Boards, 2024-25 (April 2024"
"https://efis.fma.csc.gov.on.ca/faab//Memos/SB2024/SB26_EN.pdf","2023-24 Financial Statements for School Authorities (Isolate Boards)"
"https://efis.fma.csc.gov.on.ca/faab//Memos/SB2024/SB25_EN.pdf","2024-2025 Annual Data Verification for Schools"
"https://efis.fma.csc.gov.on.ca/faab//Memos/SB2024/SB24_EN.pdf","2023-24 Financial Statements Forms for Section 68 School Authorities"
"https://efis.fma.csc.gov.on.ca/faab//Memos/SB2024/SB23_EN.pdf","2024-25 Revised Estimates (District School Boards)"
"https://efis.fma.csc.gov.on.ca/faab//Memos/SB2024/SB22_EN.pdf","Routing Simulation data collection to support 2025-26 Student Transportation Allocation"
"https://efis.fma.csc.gov.on.ca/faab//Memos/SB2024/SB22_Attachment1_EN.pdf","Common Reference Standards for 2025-26 Routing Simulations"
"https://efis.fma.csc.gov.on.ca/faab//Memos/SB2024/SB21_EN.pdf","2024-25 Updates to Reciprocal Education Approach (REA) Instructions for First Nations and School Boards"
"https://efis.fma.csc.gov.on.ca/faab//Memos/SB2024/SB21_Attachment1_EN.pdf","2024-25 - Reciprocal Education Approach - Frequently Asked Questions"
"https://efis.fma.csc.gov.on.ca/faab//Memos/SB2024/SB21_Attachment2_EN.pdf","2024-25 - Reciprocal Education Approach (REA) Instructions for First Nations and School Boards"
"https://efis.fma.csc.gov.on.ca/faab//Memos/SB2024/SB20_EN.pdf","2023-24 Financial Statements (District School Boards)"
"https://efis.fma.csc.gov.on.ca/faab//Memos/SB2024/SB19_EN.pdf","2025-26 Core Education Funding Enrolment Forecast  2024-25 Early Read and 2025-26 Enrolment Forecast"
"https://efis.fma.csc.gov.on.ca/faab//Memos/SB2024/SB18_EN.pdf","Continuation of the Staffing Sick Leave Data Project"
"https://efis.fma.csc.gov.on.ca/faab//Memos/SB2024/SB18_Attachment1_EN.pdf","SBCI - Ministry Authorization Form 2024"
"https://efis.fma.csc.gov.on.ca/faab//Memos/SB2024/SB17_EN.pdf","Supply Chain Data Collection - Corporate Reporting for Fiscal Year 2023-2024"
"https://efis.fma.csc.gov.on.ca/faab//Memos/SB2024/SB16_EN.pdf","Updated Guidance on Policies and Supporting Documentation related to Pupil Residency and Eligibility Status for Tuition Exemption"
"https://efis.fma.csc.gov.on.ca/faab//Memos/SB2024/SB15_EN.pdf","2024-2025 Elementary and Secondary Class Size Reporting Requirements"
"https://efis.fma.csc.gov.on.ca/faab//Memos/SB2024/SB15_Attachment1_EN.pdf","Instruction Guide Elementary Class Size Reporting 2024-2025"
"https://efis.fma.csc.gov.on.ca/faab//Memos/SB2024/SB15_Attachment2_EN.pdf","Instruction Guide Secondary Class Size Reporting for 2024-2025"
"https://efis.fma.csc.gov.on.ca/faab//Memos/SB2024/SB14_EN.pdf","Student Transportation - Start-Up Survey and Daily Cancellation Report for 2024-25 School Year"
"https://efis.fma.csc.gov.on.ca/faab//Memos/SB2024/SB14_Attachment1_EN.pdf","2024-25 Daily Cancellation Reporting Instructions"
"https://efis.fma.csc.gov.on.ca/faab//Memos/SB2024/SB13_EN.pdf","2024-25 Estimates Forms for School Authorities-Isolate Boards"
"https://efis.fma.csc.gov.on.ca/faab//Memos/SB2024/SB13_Attachment1_EN.pdf","GSN TO CORE EDUCATION FUNDING -CORE ED ALLOCATION MAP"
"https://efis.fma.csc.gov.on.ca/faab//Memos/SB2024/SB13_Attachment2_EN.pdf","Changes to the Education Funding Formula"
"https://efis.fma.csc.gov.on.ca/faab//Memos/SB2024/SB12_EN.pdf","2024-25 Enrolment Register Instructions"
"https://efis.fma.csc.gov.on.ca/faab//Memos/SB2024/SB11_EN.pdf","2023-24 Enhanced Accountability Measures  External Audit"
"https://efis.fma.csc.gov.on.ca/faab//Memos/SB2024/SB10_EN.pdf","Core-Ed Enrolment Forecast Update"
"https://efis.fma.csc.gov.on.ca/faab//Memos/SB2024/SB09_EN.pdf","2024-25 Estimates Forms for Section 68 School Authorities"
"https://efis.fma.csc.gov.on.ca/faab//Memos/SB2024/SB08_EN.pdf","2024-25 Estimates (District School Boards)"
"https://efis.fma.csc.gov.on.ca/faab//Memos/SB2024/SB08_Attach1_EN.pdf","APPENDIX 1"
"https://efis.fma.csc.gov.on.ca/faab//Memos/SB2024/SB08_Attach2_EN.pdf","APPENDIX 2"
"https://efis.fma.csc.gov.on.ca/faab//Memos/SB2024/SB08_Attach3_EN.pdf","APPENDIX 3"
"https://efis.fma.csc.gov.on.ca/faab//Memos/SB2019/SB03_EN.PDF","March 31, 2019 Financial Reporting Requirements"
"https://efis.fma.csc.gov.on.ca/faab//Memos/B2018/B12_EN.PDF","Cancellation of Greenhouse Gas Reduction Funding (GGRF)"
"https://efis.fma.csc.gov.on.ca/faab//Memos/B2018/B11_EN.PDF","Capital Funding for the 2018-19 School Year"
"https://efis.fma.csc.gov.on.ca/faab//Memos/B2018/B10_EN.PDF","Final Pupil Accommodation Review Guideline and Updates on Integrated Planning and Supports for Urban Education"
"https://efis.fma.csc.gov.on.ca/faab//Memos/B2018/B04_EN.PDF","Update on the School Bus Driver Retention Bonus Program"
"https://efis.fma.csc.gov.on.ca/faab//Memos/B2018/B02_attach_EN.PDF","Draft Revised Pupil Accommodation Review Guideline"
"https://efis.fma.csc.gov.on.ca/faab//Memos/B2018/2018_B01_EN%20-%20FINAL%20-%20AODA.PDF","In-year amendments to education funding regulations for the 2016-17 and 2017-18 school years"
"https://efis.fma.csc.gov.on.ca/faab//Memos/SB2018/SB16_EN.PDF","2017-18 Financial Statements (DSB)"
"https://efis.fma.csc.gov.on.ca/faab//Memos/SB2018/SB05_EN.PDF","Cash Management Strategy"
"https://efis.fma.csc.gov.on.ca/faab//Memos/B2017/B12_EN.PDF","Reverse Education Service Agreements"
"https://efis.fma.csc.gov.on.ca/faab//Memos/B2017/B10_EN.PDF","1.Grants for Student Needs (GSN) Funding Regulations for 2017-18 2.Principals and Vice-Principals Extension Agreement 2018-2020 and Amendment to the 2014-18 Memorandum of Settlement 3.Adjustments for Non-Union Staff 4.Fees For Central Bargaining for the 2017-2018 School Board Fiscal Year Regulation"
"https://efis.fma.csc.gov.on.ca/faab//Memos/SB2017/SB32_EN.PDF","2017-18 Revised Estimates (DSB)"
"https://efis.fma.csc.gov.on.ca/faab//Memos/SB2017/SB17_EN.PDF","2017-18 Enrolment Registers and Instructions"
"https://efis.fma.csc.gov.on.ca/faab//Memos/SB2017/SB13/SB-13%20EN.PDF","Trade Agreement Information"
"https://efis.fma.csc.gov.on.ca/faab//Memos/SB2017/SB11_EN.PDF","Special Education Grant Funding in 2017-18"
"https://efis.fma.csc.gov.on.ca/faab//Memos/SB2017/SB05_EN.PDF","Employee Life and Health Trusts (ELHT) - Wave 4 and 5 Update"
"https://efis.fma.csc.gov.on.ca/faab//Memos/SB2017/SB02_EN.PDF","Employee Life and Health Trust (ELHT) - Implementation and Wave Update"
"https://efis.fma.csc.gov.on.ca/faab//Memos/B2016/B20_EN_AODA.PDF","In-year amendments to education funding regulations for 2011-12, 2012-13, 2013-14, 2014-15, 2015-16 and 2016-17 school years"
"https://efis.fma.csc.gov.on.ca/faab//Memos/SB2016/SB24_EN-AODA.PDF","Public Release of Assessment Data, New School Renewal Funding & 2016-20 Condition Assessment Program"
"https://efis.fma.csc.gov.on.ca/faab//Memos/SB2014/SB20E%20attach1_AODA.PDF","GO Secure Integration for GIS: Self-registration Instructions for Broader Public Sector Users"
"https://efis.fma.csc.gov.on.ca/faab//Memos/B2013/B22_EN_AODA.PDF","Amended Regulation on Sick-Leave Credits and Sick Leave Gratuities"
"https://efis.fma.csc.gov.on.ca/faab//Memos/B2013/B21_EN_AODA.PDF","Eligibility for Conditional Support for Appending Terms of 2013 Memoranda of Understanding"
"https://efis.fma.csc.gov.on.ca/faab//Memos/B2013/B20_EN_AODA.PDF","Clarification Regarding Appending of Memoranda of Understanding"
"https://efis.fma.csc.gov.on.ca/faab//Memos/B2013/B18_EN_AODA.PDF","Initiative to Encourage Joint Use/Collaboration between School Boards on Capital Projects"
"https://efis.fma.csc.gov.on.ca/faab//Memos/B2013/B17_EN_AODA.PDF","Implications of the MOU with ETFO"
"https://efis.fma.csc.gov.on.ca/faab//Memos/SB2025/SB01_EN.pdf","March 31, 2025 Financial Reporting Requirement"
